name,id,flux/second,f/s (base rate),f/s (base cap),flux/use,f/u (base rate),f/u (base cap),cr/u,max uses,regen,charge up,active,down,cooldown,toggle,noDissipation,noHardDissipation,hardFlux,noFiring,noTurning,noStrafing,noAccel,noShield,noVent,isPhaseCloak,tags,icon
フレアランチャー,flarelauncher,,,,,,,,5,,,,,5,,,,,,,,,,,,defensive,graphics/icons/hullsys/flare_launcher.png
カニスター・フラック,canister_flak,,,,,,,,2,0.05,,,,3,,,,,,,,,,,,defensive,graphics/icons/hullsys/canister_flak.png
デコイ・フレアランチャー,flarelauncher_fighter,,,,,,,,1,0.033,,,,5,,,,,,,,,,,,defensive,graphics/icons/hullsys/decoy_flare.png
デコイ・フレアランチャー (シングル),flarelauncher_single,,,,,,,,1,0.033,,,,5,,,,,,,,,,,,defensive,graphics/icons/hullsys/flare_launcher.png
アクティブ・フレアランチャー,flarelauncher_active,,,,,,0.1,,,,,,,5,,,,,,,,,,,,defensive,graphics/icons/hullsys/active_flare_launcher.png
バーンドライブ,burndrive,1,,,,,,,,,2,5,1,10,TRUE,,,,,TRUE,TRUE,TRUE,TRUE,,,movement,graphics/icons/hullsys/burn_drive.png
コンバットバーン,combat_burn,1,,,,,,,,,1,,1,0,TRUE,,,,,,TRUE,TRUE,TRUE,,,movement,graphics/icons/hullsys/combat_burn.png
プラズマバーン,microburn,1,,,,,,,2,0.1,0.5,0.5,0.5,,,,,,,,TRUE,TRUE,,,,movement,graphics/icons/hullsys/plasma_burn.png
マイクロバーン,microburn_omega,1,,,,,,,3,0.1,0.5,0.5,0.5,,,,,,,,TRUE,TRUE,,,,"restricted, movement",graphics/icons/hullsys/burn_drive.png
マヌーバリングジェット,maneuveringjets,,,,,,,,,,1,5,1,5,,,,,,,,,,,,movement,graphics/icons/hullsys/maneuvering_jets.png
ダイナミックスタビライザー,dynamic_stabilizer,,,,,,,,,,1,5,1,5,,,,,,,,,,,,movement,graphics/icons/hullsys/maneuvering_jets.png
インフェルニウムインジェクター,inferniuminjector,1,,,,,,,,,1,,1,1,TRUE,,,,,,,TRUE,,,,movement,graphics/icons/hullsys/infernium_injector.png
ファストミサイルラック,fastmissileracks,,,,,,0.25,,3,0.1,1,0,0,0,,,,,,,,,,,,offensive,graphics/icons/hullsys/missile_racks.png
フォートレスシールド,fortressshield,,,0.025,,,,,,,1.5,,1.5,0,TRUE,,,TRUE,TRUE,,,,,,,defensive,graphics/icons/hullsys/fortress_shield.png
ハイエナジーフォーカス,highenergyfocus,1,,,,,,,3,0.05,0.25,3,0.25,,,,,,,,,,,,,offensive,graphics/icons/hullsys/high_energy_focus.png
フェイズテレポーター,phaseteleporter,,,,,,,,,,0.5,0,0.5,15,,,,TRUE,,,,,,,,movement,graphics/icons/hullsys/teleport.png
フェイズスキマー,displacer,,,,,,,,3,0.1,0.25,,0.25,0,,TRUE,,TRUE,,,,,,,,movement,graphics/icons/hullsys/displacer.png
ポイントディフェンスドローン,drone_pd,,,,,,,,20,,0,,0,0,,,,,,,,,,,,,graphics/icons/hullsys/drone_pd_high.png
ポイントディフェンスドローン,drone_pd_x2,,,,,,,,10,,0,,0,0,,,,,,,,,,,,,graphics/icons/hullsys/drone_pd_mid.png
ボーラードローン,drone_borer,,,,,,,,15,,0,,0,0,,,,,,,,,,,,,graphics/icons/hullsys/drone_borer.png
センサードローン,drone_sensor,,,,,,,,5,,0,,0,0,,,,,,,,,,,,,graphics/icons/hullsys/drone_sensor.png
ターミネータードローン,drone_terminator,,,,,,,,1,0.0333,0,,0,0,,,,,,,,,,,,,graphics/icons/hullsys/termination_sequence.png
加速弾薬フィーダー,ammofeed,,,,,,,,,,1,5,1,10,,,,,,,,,,,,offensive,graphics/icons/hullsys/ammo_feeder.png
ライダーアレイ,lidararray,1,,,,,,,,,3.25,5,1,10,,,,,,,,,,,,offensive,graphics/icons/hullsys/lidar_barrage.png
EMPエミッター,emp,1,,,,,0.2,,,,0.5,4,0.5,3,,,,,TRUE,,,,,,,"defensive, offensive",graphics/icons/hullsys/emp_emitter.png
ミサイルオートフォージ,forgevats,,,,,,0.75,,2,,1,0,0,0,,,,,,,,,,,,,graphics/icons/hullsys/missile_autoforge.png
ダンパーフィールド,damper,1,,,,,,,2,0.05,0.25,3,0.25,0,,,,,TRUE,,,,TRUE,TRUE,,"uses_damper_ai, defensive",graphics/icons/hullsys/damper_field.png
エントロピーダンパー,damper_omega,1,,,,,,,2,0.05,0.25,3,0.25,0,,,,,,,,,TRUE,TRUE,,"uses_damper_ai, defensive",graphics/icons/hullsys/damper_field.png
テンポラルシェル,temporalshell,1,,,,,0.25,,,,4,10,2,10,,,,,,,,,,,,,graphics/icons/hullsys/temporal_shell.png
クォンタムディスラプター,acausaldisruptor,,,,,,0.25,,,,0.5,,1,20,,,,,,,,,,,,,graphics/icons/hullsys/quantum_disruptor.png
エントロピーアンプ,entropyamplifier,,,,,,0.2,,,,0.5,10,1,10,,,,,,,,,,,,offensive,graphics/icons/hullsys/entropy_amplifier.png
インターディクターアレイ,interdictor,,,,,,0.25,,,,0.5,,0.5,20,,,,,,,,,,,,,graphics/icons/hullsys/interdictor_array.png
マインストライク,mine_strike,,,,,,0.1,,5,0.2,0.25,,0.25,0,,,,,,,,,,,,offensive,graphics/icons/hullsys/mine_strike.png
クライオフラックストランスデューサー,cryoflux,,,,,,0.75,,,,0.5,,0.5,,TRUE,,,,,,,,,,,restricted,graphics/icons/hullsys/quantum_disruptor.png
予備展開,reservewing,,,,,,0.5,,,,0.1,,3,60,,,,,,,,,,,,offensive,graphics/icons/hullsys/reserve_deployment.png
ターゲティングフィード,targetingfeed,,,,,,0.5,,,,0.5,20,0.5,10,,,,,,,,,,,,offensive,graphics/icons/hullsys/targeting_feed.png
リコールデバイス,recalldevice,,,,,,0.5,,,,0.5,,0.5,30,,,,,,,,,,,,,graphics/icons/hullsys/recall_device.png
プラズマジェット,plasmajets,,,,,,,,,,1,3,2,5,,,,,,,,,,,,movement,graphics/icons/hullsys/plasma_jets.png
オリオンデバイス,orion_device,,,,,,,,4,0.2,0,0.001,0,1,,,,,,,,,,,,movement,graphics/icons/hullsys/orion_drive.png
ノヴァバースト,nova_burst,,,,,,,,2,0.1,0.5,0.001,0,1,,,,,,,,,,,,movement,graphics/icons/hullsys/nova_burst.png
,,,,,,,,,,,,,,,,,,,,,,,,,,,
エネルギー変換,energy_conversion,,,,,,0,,3,0.1,0.5,,2,0,,TRUE,,TRUE,,,,,,,,restricted,graphics/icons/hullsys/displacer.png
キラルフィグメント,chiral_figment,,,,,,,,,,0.5,,0.5,30,,,,,,,,,,,,restricted,graphics/icons/hullsys/interdictor_array.png
,,,,,,,,,,,,,,,,,,,,,,,,,,,
,,,,,,,,,,,,,,,,,,,,,,,,,,,
フェイズクローク,phasecloak,,,,,,,,,,0.5,,0.5,2,TRUE,,TRUE,TRUE,TRUE,,,,TRUE,,TRUE,defensive,graphics/icons/hullsys/phase_cloak.png
,,,,,,,,,,,,,,,,,,,,,,,,,,,
フェイズスキマー（ドローン）,skimmer_drone,,,,,,0.05,,3,0.25,0.25,,0.25,,,TRUE,,TRUE,,,,,,,,,graphics/icons/hullsys/displacer.png
劣化フェイズスキマー,displacer_degraded,,,,,,,,2,0.067,0.25,,0.25,0,,TRUE,,TRUE,,,,,,,,,graphics/icons/hullsys/skimmer_degraded.png
,,,,,,,,,,,,,,,,,,,,,,,,,,,
フルバーン,traveldrive,1,,,,,,,,,2,,2,0,TRUE,,,,TRUE,TRUE,TRUE,TRUE,TRUE,,,,graphics/icons/hullsys/burn_drive.png
,,,,,,,,,,,,,,,,,,,,,,,,,,,
ヘビーミサイルオートフォージ,forgevats_station,,,,,,0,,,,1,0,0,30,,,,,,,,,,,,,graphics/icons/hullsys/heavy_missile_autoforge.png
マーロンドローン,drone_station_lt,,,,,,,,5,,0,,0,0,,,,,,,,,,,,,graphics/icons/hullsys/station_defense_drones_low.png
ラヴェリンドローン,drone_station_mid,,,,,,,,3,,0,,0,0,,,,,,,,,,,,,graphics/icons/hullsys/station_defense_drones_mid.png
ガーゴイルドローン,drone_station_high,,,,,,,,4,,0,,0,0,,,,,,,,,,,,,graphics/icons/hullsys/station_defense_drones_high.png
マインストライク,mine_strike_station,,,,,,0,,7,0.33,0.25,,0.25,0,,,,,,,,,,,,offensive,graphics/icons/hullsys/station_mine_strike.png
モートアトラクター,mote_control,,,,,,0,,,,0.1,,0.4,,,,,,,,,,,,,"restricted, offensive, defensive",graphics/icons/hullsys/mote_attractor.png
終了シーケンス,drone_strike,,,,600,,,,,,0,0.05,0.2,0,,,,,,,,,,,,offensive,graphics/icons/hullsys/termination_sequence.png
エネルギーラッシュ,energy_lash,,,,,,,,,,1,,0.1,,,,,,,,,,,,,"restricted, offensive, defensive",graphics/icons/hullsys/energy_lash.png
ディスプレイサー,displacer_threat,,,,,,,,3,0,0.25,,0.25,0,,TRUE,,TRUE,,,,,,,,movement,graphics/icons/hullsys/displacer.png
侵入モード,incursion_mode,,,,,,,,1,,1,15,1,0,,,,,,,,,,,,offensive,graphics/icons/hullsys/incursion_mode.png
抽出プロトコル,extraction_protocol,,,,,,,,1,,1,5,1,0,,,,,,,,,,,,defensive,graphics/icons/hullsys/extraction_protocol.png
フラグメントボレー,fragment_volley,,,,,,,,1,,1,3,1,60,,,,,,,,,,,,offensive,graphics/icons/hullsys/fragment_volley.png
建設スウォーム,construction_swarm,,,,,,,,,,0.1,,0.4,,,,,,,,,,,,,,graphics/icons/hullsys/construction_swarm.png
,,,,,,,,,,,,,,,,,,,,,,,,,,,
痙攣突進,convulsive_lunge,,,,,,,,,,2,3,0.5,,,,,,TRUE,,,,,,,movement,graphics/icons/hullsys/convulsive_lunge.png
暗黒の凝視,darkened_gaze,1000,,,,,,,,,2,,1,0,TRUE,TRUE,,,,,,,,,,offensive,graphics/icons/hullsys/darkened_gaze.png
隠された渦,shrouded_vortex,,,,,,,,,,,,,,,,,,,,,,,,,hide_in_codex,graphics/icons/hullsys/darkened_gaze.png
暗黒の排出,tenebrous_expulsion,,,,,,,,,,0.1,1,1,20,,,,,TRUE,,,,TRUE,,,defensive,graphics/icons/hullsys/tenebrous_expulsion.png
