name,gender,usage,category
トラックス,,l,fringe
グラック,,l,fringe
ブラックス,,l,fringe
アダックス,,l,fringe
ノクス,,l,fringe
プラックス,,l,fringe
ソラックス,,l,fringe
ゾル,,l,fringe
スベダール,,l,fringe
テムジャックス,,l,fringe
ジャムックス,,l,fringe
トグロル,,l,fringe
カダックス,,l,fringe
アリガー,,l,fringe
バトックス,,l,fringe
アースラックス,,l,fringe
チェチャル,,l,fringe
エルデノル,,l,fringe
テグス,m,"f, l",fringe
バタク,,l,fringe
アースラー,m,"f, l",fringe
アリガックス,,l,fringe
ノル,m,"f, l",fringe
スラール,m,"f, l",fringe
スベダックス,,l,fringe
ゾア,,l,fringe
ガル,m,"f, l",fringe
スラックス,,l,fringe
オユンガー,,l,fringe
オユンガックス,,l,fringe
ボラックス,,l,fringe
シュリアックス,,l,fringe
シュリアル,m,"f, l",fringe
ボラル,m,"f, l",fringe
アルタックス,,l,fringe
アルタラックス,,l,fringe
チャガール,,l,fringe
チャガックス,,l,fringe
バタックス,,l,fringe
バター,,l,fringe
ブルター,,l,fringe
ブルタックス,,l,fringe
ドチャル,,l,fringe
ヴォルゴル,,l,fringe
ヴォルガックス,,l,fringe
ヴォラル,,l,fringe
アタラックス,,l,fringe
アタラー,,l,fringe
ガーバックス,,l,fringe
ガーバル,,l,fringe
ドロガール,,l,fringe
ドロガックス,,l,fringe
ダラックス,,l,fringe
ナイマー,,l,fringe
ナイマル,,l,fringe
タバー,,l,fringe
ジャガックス,,l,fringe
ジャガール,,l,fringe
チナックス,,l,fringe
ブルクス,m,f,fringe
ダックス,m,f,fringe
ドル,m,f,fringe
ダル,m,f,fringe
トー,m,f,fringe
ゴル,m,f,fringe
アラダックス,m,f,fringe
ヴォル,m,f,fringe
ボル,m,f,fringe
ボックス,m,f,fringe
タル,m,f,fringe
ボク,m,f,fringe
テグ,m,f,fringe
バー,m,f,fringe
コア,m,f,fringe
コル,m,f,fringe
ヴァッハ,m,f,fringe
オソル,m,f,fringe
デルグ,m,f,fringe
スール,m,f,fringe
ソー,m,f,fringe
ダルグ,m,f,fringe
ダーグ,m,f,fringe
ガン,m,f,fringe
カチ,m,f,fringe
チャグ,m,f,fringe
ウラグ,m,f,fringe
クチ,m,f,fringe
ドルグ,m,f,fringe
ボルグ,m,f,fringe
バルグ,m,f,fringe
ブルクサ,f,f,fringe
デュクサル,f,f,fringe
ドラル,f,f,fringe
ダラ,f,f,fringe
トラ,f,f,fringe
ゴラ,f,f,fringe
アラダ,f,f,fringe
ヴォラル,f,f,fringe
ボラ,f,f,fringe
ヴォクサ,f,f,fringe
タラ,f,f,fringe
ボカ,f,f,fringe
テッガ,f,f,fringe
ブラ,f,f,fringe
クォラ,f,f,fringe
コラ,f,f,fringe
ヴァチャ,f,f,fringe
オソラ,f,f,fringe
デルガ,f,f,fringe
スラル,f,f,fringe
ソラ,f,f,fringe
ダルガ,f,f,fringe
ダーガ,f,f,fringe
ガナ,f,f,fringe
カチャ,f,f,fringe
チャガ,f,f,fringe
ウラガ,f,f,fringe
クチャ,f,f,fringe
ドルガ,f,f,fringe
ボルガ,f,f,fringe
バルガ,f,f,fringe
,,,
ウィッテモア,,l,"old english, modern"
フリッター,,l,"old english, modern"
シーモンズ,,l,"old english, modern"
フロホック,,l,"old english, modern"
スパン,,l,"old english, modern"
マリッシュ,,l,"old english, modern"
アイルベック,,l,"old english, modern"
ダマレル,,l,"old english, modern"
クリッシュ,,l,"old english, modern"
オールストン,,l,"old english, modern"
ブラジントン,,l,"old english, modern"
エックリー,,l,"old english, modern"
スクリップス,,l,"old english, modern"
カリップ,,l,"old english, modern"
リンズ,,l,"old english, modern"
オールレッド,,l,"old english, modern"
ヘッグス,,l,"old english, modern"
フィデル,,l,"old english, modern"
フィッツヒュー,,l,"old english, modern"
ラングズデール,,l,"old english, modern"
ストローガン,,l,"old english, modern"
タリル,,l,"old english, modern"
シーズビー,,l,"old english, modern"
ハルワード,,l,"old english, modern"
オーウェン,,l,"old english, modern"
ハーゲスト,,l,"old english, modern"
プリチャード,,l,"old english, modern"
グラヴェル,,l,"old english, modern"
ベリス,,l,"old english, modern"
ワージング,,l,"old english, modern"
,,,
スミス,,l,"old english, modern"
ジョンソン,,l,"old english, modern"
ウィリアムズ,,l,"old english, modern"
ジョーンズ,,l,"old english, modern"
ブラウン,,l,"old english, modern"
デイビス,,l,"old english, modern"
ミラー,,l,"old english, modern"
ウィルソン,,l,"old english, modern"
ムーア,,l,"old english, modern"
テイラー,,l,"old english, modern"
アンダーソン,,l,"old english, modern"
トーマス,m,"f, l","old english, modern"
ジャクソン,m,"f, l","old english, modern"
ホワイト,,l,"old english, modern"
ハリス,,l,"old english, modern"
マーチン,m,"f, l","old english, modern"
トンプソン,,l,"old english, modern"
ガルシア,,l,modern
マルティネス,,l,modern
ロビンソン,,l,"old english, modern"
クラーク,,l,"old english, modern"
ロドリゲス,,l,modern
ルイス,m,"f, l","old english, modern"
リー,m,"f, l","old english, modern"
ウォーカー,,l,"old english, modern"
ホール,,l,"old english, modern"
アレン,m,"f, l","old english, modern"
ヤング,,l,"old english, modern"
エルナンデス,,l,modern
キング,,l,"old english, modern"
ライト,,l,"old english, modern"
ロペス,,l,modern
ヒル,,l,"old english, modern"
スコット,m,"f, l","old english, modern"
グリーン,,l,"old english, modern"
アダムス,,l,"old english, modern"
ベイカー,,l,"old english, modern"
ゴンザレズ,,l,modern
ネルソン,m,"f, l","old english, modern"
カーター,,l,"old english, modern"
ミッチェル,,l,"old english, modern"
ペレス,,l,modern
ロバーツ,,l,"old english, modern"
ターナー,,l,"old english, modern"
フィリップス,,l,"old english, modern"
キャンベル,,l,"old english, modern"
パーカー,,l,"old english, modern"
エバンス,,l,"old english, modern"
エドワーズ,,l,"old english, modern"
コリンズ,,l,"old english, modern"
スチュワート,m,"f, l","old english, modern"
サンチェス,,l,modern
モリス,,l,"old english, modern"
ロジャース,,l,"old english, modern"
リード,,l,"old english, modern"
クック,,l,"old english, modern"
モーガン,"m, f","f, l","old english, modern"
ベル,,l,"old english, modern"
マーフィー,,l,"old english, modern"
ベイリー,,l,"old english, modern"
リベラ,,l,"old english, modern"
クーパー,,l,"old english, modern"
リチャードソン,,l,"old english, modern"
コックス,,l,"old english, modern"
ハワード,m,"f, l","old english, modern"
ウォード,m,"f, l","old english, modern"
トーレス,,l,modern
ピーターソン,,l,"old english, modern"
グレー,,l,"old english, modern"
ラミレス,,l,modern
ジェームズ,m,"f, l","old english, modern"
ワトソン,,l,"old english, modern"
ブルックス,,l,"old english, modern"
ケリー,"m, f","f, l","old english, modern"
サンダース,,l,"old english, modern"
プライス,,l,"old english, modern"
ベネット,m,"f, l","old english, modern"
ウッド,,l,"old english, modern"
バァンズ,,l,"old english, modern"
ロス,,l,"old english, modern"
ヘンダーソン,,l,"old english, modern"
コールマン,,l,"old english, modern"
ジェンキンズ,,l,"old english, modern"
ペリー,,l,"old english, modern"
パウエル,,l,"old english, modern"
ロング,,l,"old english, modern"
パターソン,,l,"old english, modern"
ヒューズ,,l,"old english, modern"
フローレス,,l,"old english, modern"
ワシントン,,l,"old english, modern"
バトラー,,l,"old english, modern"
シモンズ,,l,"old english, modern"
フォスター,,l,"old english, modern"
ゴンザレス,,l,modern
ブライアント,,l,"old english, modern"
アレクサンダー,m,"f, l","old english, modern"
ラッセル,,l,"old english, modern"
グリフィン,,l,"old english, modern"
ディアス,,l,modern
ヘイズ,,l,"old english, modern"
マイヤーズ,,l,"old english, modern"
フォード,,l,"old english, modern"
ハミルトン,,l,"old english, modern"
グラハム,,l,"old english, modern"
サリバン,,l,"old english, modern"
ウォレス,,l,"old english, modern"
ウッズ,,l,"old english, modern"
コール,,l,"old english, modern"
ウェスト,,l,"old english, modern"
ジョーダン,m,"f, l","old english, modern"
オーウェンズ,,l,"old english, modern"
レイノルズ,,l,"old english, modern"
フィッシャー,,l,"old english, modern"
エリス,,l,"old english, modern"
ハリソン,,l,"old english, modern"
ギブソン,,l,"old english, modern"
マクドナルド,,l,"old english, modern"
クルス,,l,"old english, modern"
マーシャル,,l,"old english, modern"
オルティス,,l,"old english, modern"
ゴメス,,l,"old english, modern"
マレー,,l,"old english, modern"
フリーマン,,l,"old english, modern"
ウェルズ,,l,"old english, modern"
ウェッブ,,l,"old english, modern"
シンプソン,,l,"old english, modern"
スティーブンス,,l,"old english, modern"
タッカー,,l,"old english, modern"
ポーター,,l,"old english, modern"
ハンター,,l,"old english, modern"
ヒックス,,l,"old english, modern"
クロフォード,,l,"old english, modern"
ヘンリー,m,"f, l","old english, modern"
ボイド,,l,"old english, modern"
メイソン,m,"f, l","old english, modern"
モラレス,,l,modern
ケネディ,f,"f, l","old english, modern"
ウォーレン,m,"f, l","old english, modern"
ディクソン,m,"f, l","old english, modern"
ラモス,,l,"old english, modern"
レイエス,,l,"old english, modern"
バーンズ,,l,"old english, modern"
ゴードン,m,"f, l","old english, modern"
ショー,,l,"old english, modern"
ホームズ,,l,"old english, modern"
ライス,,l,"old english, modern"
ロバートソン,,l,"old english, modern"
ハント,,l,"old english, modern"
ブラック,,l,"old english, modern"
ダニエルズ,,l,"old english, modern"
パーマー,,l,"old english, modern"
ミルズ,,l,"old english, modern"
ニコルズ,,l,"old english, modern"
グラント,m,"f, l","old english, modern"
ナイト,,l,"old english, modern"
ファーガソン,,l,"old english, modern"
ローズ,f,"f, l","old english, modern"
ストーン,,l,"old english, modern"
ホーキンス,,l,"old english, modern"
ダン,,l,"old english, modern"
パーキンス,,l,"old english, modern"
ハドソン,,l,"old english, modern"
スペンサー,m,"f, l","old english, modern"
ガードナー,,l,"old english, modern"
スティーブンズ,,l,"old english, modern"
ペイン,,l,"old english, modern"
ピアス,m,"f, l","old english, modern"
ベリー,,l,"old english, modern"
マシューズ,,l,"old english, modern"
アーノルド,m,"f, l","old english, modern"
ワグナー,,l,"old english, modern"
ウィリス,,l,"old english, modern"
レイ,m,"f, l","old english, modern"
ワトキンス,,l,"old english, modern"
オルソン,,l,"old english, modern"
キャロル,,l,"old english, modern"
ダンカン,,l,"old english, modern"
スナイダー,,l,"old english, modern"
ハート,,l,"old english, modern"
カニンガム,,l,"old english, modern"
ブラッドリー,m,"f, l","old english, modern"
レイン,m,"f, l","old english, modern"
アンドリューズ,,l,"old english, modern"
ルイズ,,l,modern
ハーパー,,l,"old english, modern"
フォックス,,l,"old english, modern"
ライリー,f,"f, l","old english, modern"
アームストロング,,l,"old english, modern"
カーペンター,,l,"old english, modern"
ウィーバー,,l,"old english, modern"
グリーネ,,l,"old english, modern"
ローレンス,m,"f, l","old english, modern"
エリオット,m,"f, l","old english, modern"
チャベス,,l,modern
シムズ,,l,"old english, modern"
オースティン,,l,"old english, modern"
ピーターズ,,l,"old english, modern"
ケレイ,,l,"old english, modern"
フランクリン,,l,"old english, modern"
ローソン,,l,"old english, modern"
フィールズ,,l,"old english, modern"
グティエレス,,l,modern
ライアン,m,"f, l","old english, modern"
シュミット,,l,"old english, modern"
カー,,l,"old english, modern"
バスケス,,l,modern
カスティージョ,,l,"old english, modern"
ウィーラー,,l,"old english, modern"
チャップマン,,l,"old english, modern"
オリバー,m,"f, l","old english, modern"
モンゴメリー,,l,"old english, modern"
リチャーズ,,l,"old english, modern"
ウィリアムソン,,l,"old english, modern"
ジョンストン,,l,"old english, modern"
バンクス,,l,"old english, modern"
マイヤー,,l,"old english, modern"
ビショップ,,l,"old english, modern"
マッコイ,,l,"old english, modern"
ハウエル,,l,"old english, modern"
アルバレス,,l,modern
モリソン,,l,"old english, modern"
ハンセン,,l,"old english, modern"
フェルナンデス,,l,modern
ガルザ,,l,modern
ハーヴィー,,l,"old english, modern"
リトル,,l,"old english, modern"
バートン,,l,"old english, modern"
スタンリー,,l,"old english, modern"
グエン,,l,modern
ジョージ,m,"f, l","old english, modern"
ジェイコブス,,l,"old english, modern"
レイド,,l,"old english, modern"
キム,"m, f","f, l","old english, modern"
フラー,,l,"old english, modern"
リンチ,,l,"old english, modern"
ディーン,,l,"old english, modern"
ギルバート,m,"f, l","old english, modern"
ギャレット,,l,"old english, modern"
ロメロ,,l,modern
ウェルチ,,l,"old english, modern"
ラーソン,,l,"old english, modern"
フレイジャー,,l,"old english, modern"
バーク,,l,"old english, modern"
ハンソン,,l,"old english, modern"
デイ,f,"f, l","old english, modern"
メンドーサ,,l,"old english, modern"
モレノ,,l,modern
ボウマン,,l,"old english, modern"
メディナ,,l,modern
ファウラー,,l,"old english, modern"
ブリューワー,,l,"old english, modern"
ホフマン,,l,"old english, modern"
カールソン,,l,"old english, modern"
シルバ,,l,modern
ピアソン,,l,"old english, modern"
ホランド,,l,"old english, modern"
ダグラス,m,"f, l","old english, modern"
フレミング,,l,"old english, modern"
イェンセン,,l,"old english, modern"
バルガス,,l,modern
バード,,l,"old english, modern"
デイビッドソン,,l,"old english, modern"
ホプキンス,,l,"old english, modern"
メイ,f,"f, l","old english, modern"
テリー,"m, f","f, l","old english, modern"
エレラ,,l,modern
ウェイド,m,"f, l","old english, modern"
ソト,,l,modern
ウォルターズ,,l,"old english, modern"
カーティス,m,"f, l","old english, modern"
ニール,m,"f, l","old english, modern"
コールドウェル,,l,"old english, modern"
ロウ,,l,"old english, modern"
ジェニングス,,l,"old english, modern"
バーネット,,l,"old english, modern"
グレイブス,,l,"old english, modern"
ヒメネス,,l,modern
ホートン,,l,"old english, modern"
シェルトン,,l,"old english, modern"
バレット,,l,"old english, modern"
オブライエン,,l,"old english, modern"
カストロ,,l,modern
サットン,,l,"old english, modern"
グレゴリー,m,"f, l","old english, modern"
マッキニー,,l,"old english, modern"
ルーカス,,l,"old english, modern"
マイルズ,,l,"old english, modern"
クレイグ,,l,"old english, modern"
ロドリケス,,l,modern
チェンバース,,l,"old english, modern"
ホルト,,l,"old english, modern"
ランバート,,l,"old english, modern"
フレッチャー,,l,"old english, modern"
ワッツ,,l,"old english, modern"
ベイツ,,l,"old english, modern"
ヘイル,,l,"old english, modern"
ロードス,,l,"old english, modern"
ペーニャ,,l,modern
ベック,,l,"old english, modern"
ニューマン,,l,"old english, modern"
ヘインズ,,l,"old english, modern"
マクダニエル,,l,"old english, modern"
メンデス,,l,modern
ブッシュ,,l,"old english, modern"
ボーン,,l,"old english, modern"
パークス,,l,"old english, modern"
ドーソン,,l,"old english, modern"
サンティアゴ,,l,modern
ノリス,,l,"old english, modern"
ハーディ,,l,"old english, modern"
ラブ,,l,"old english, modern"
スティール,,l,"old english, modern"
カリー,,l,"old english, modern"
パワーズ,,l,"old english, modern"
シュルツ,,l,"old english, modern"
バーカー,,l,"old english, modern"
グズマン,,l,"old english, modern"
ページ,,l,"old english, modern"
ムニョス,,l,modern
ボール,,l,"old english, modern"
ケラー,,l,"old english, modern"
チャンドラー,,l,"old english, modern"
ウェーバー,,l,"old english, modern"
レナード,m,"f, l","old english, modern"
ウォルシュ,,l,"old english, modern"
ライオンズ,,l,"old english, modern"
ラムジー,,l,"old english, modern"
ウォルフ,,l,"old english, modern"
シュナイダー,,l,"old english, modern"
マリンズ,,l,"old english, modern"
ベンソン,,l,"old english, modern"
シャープ,,l,"old english, modern"
ボーウェン,,l,"old english, modern"
ダニエル,,l,"old english, modern"
バーバー,,l,"old english, modern"
カミングス,,l,"old english, modern"
ハインズ,,l,"old english, modern"
ボールドウィン,,l,"old english, modern"
グリフィス,,l,"old english, modern"
バルデス,,l,modern
ハバード,,l,"old english, modern"
サラザール,,l,modern
リーブス,,l,"old english, modern"
ワーナー,,l,"old english, modern"
スティーブンソン,,l,"old english, modern"
バーゲス,,l,"old english, modern"
サントス,,l,modern
テイト,,l,"old english, modern"
クロス,,l,"old english, modern"
ガーナー,,l,"old english, modern"
マン,,l,"old english, modern"
マック,,l,"old english, modern"
モス,,l,"old english, modern"
ソーントン,,l,"old english, modern"
デニス,m,"f, l","old english, modern"
マギー,,l,"old english, modern"
ファーマー,,l,"old english, modern"
デルガド,,l,modern
アギラール,,l,"old english, modern"
ヴェガ,,l,modern
グローバー,,l,"old english, modern"
マニング,,l,"old english, modern"
コーエン,,l,"old english, modern"
ハーモン,,l,"old english, modern"
ロッジャース,,l,"old english, modern"
ロビンズ,,l,"old english, modern"
ニュートン,,l,"old english, modern"
トッド,m,"f, l","old english, modern"
ブレア,f,"f, l","old english, modern"
ヒギンズ,,l,"old english, modern"
イングラム,,l,"old english, modern"
リース,"m, f","f, l","old english, modern"
キャノン,,l,"old english, modern"
ストリックランド,,l,"old english, modern"
タウンゼント,,l,"old english, modern"
ポッター,,l,"old english, modern"
グッドウィン,,l,"old english, modern"
ウォルトン,,l,"old english, modern"
ロー,,l,"old english, modern"
ハンプトン,,l,"old english, modern"
オルテガ,,l,modern
パットン,,l,"old english, modern"
スワンソン,,l,"old english, modern"
ジョセフ,m,"f, l","old english, modern"
フランシス,m,"f, l","old english, modern"
グッドマン,,l,"old english, modern"
マルドナード,,l,modern
イェイツ,,l,"old english, modern"
ベッカー,,l,"old english, modern"
エリクソン,,l,"old english, modern"
ホッジス,,l,"old english, modern"
リオス,,l,modern
コナー,m,"f, l","old english, modern"
アドキンス,,l,"old english, modern"
ウェブスター,,l,"old english, modern"
ノーマン,m,"f, l","old english, modern"
マローン,,l,"old english, modern"
ハモンド,,l,"old english, modern"
フラワーズ,,l,"old english, modern"
コブ,,l,"old english, modern"
ムーディ,,l,"old english, modern"
クイン,f,"f, l","old english, modern"
ブレイク,m,"f, l","old english, modern"
マクスウェル,,l,"old english, modern"
ポープ,,l,"old english, modern"
フロイド,,l,"old english, modern"
オズボーン,,l,"old english, modern"
ポール,m,"f, l","old english, modern"
マッカーシー,,l,"old english, modern"
ゲレロ,,l,modern
リンジー,"m, f","f, l","old english, modern"
エストラーダ,,l,modern
サンドバル,,l,modern
ギブス,,l,"old english, modern"
タイラー,m,"f, l","old english, modern"
グロス,,l,"old english, modern"
フィッツジェラルド,,l,"old english, modern"
ストークス,,l,"old english, modern"
ドイル,,l,"old english, modern"
シャーマン,m,"f, l","old english, modern"
ソーンダース,,l,"old english, modern"
ワイズ,,l,"old english, modern"
コロン,,l,"old english, modern"
ギル,m,"f, l","old english, modern"
アルバラード,,l,modern
グリア,,l,"old english, modern"
パディーリャ,,l,modern
サイモン,m,"f, l","old english, modern"
ウォーターズ,,l,"old english, modern"
ヌニェス,,l,modern
バラード,,l,"old english, modern"
シュワルツ,,l,"old english, modern"
マクブライド,,l,"old english, modern"
ヒューストン,,l,"old english, modern"
クリステンセン,,l,"old english, modern"
クライン,,l,"old english, modern"
プラット,,l,"old english, modern"
ブリッグス,,l,"old english, modern"
パーソンズ,,l,"old english, modern"
マクラフリン,,l,"old english, modern"
ジマーマン,,l,"old english, modern"
ブキャナン,,l,"old english, modern"
モラン,,l,"old english, modern"
コープランド,,l,"old english, modern"
ロイ,m,"f, l","old english, modern"
ピットマン,,l,"old english, modern"
ブレイディ,,l,"old english, modern"
マコーミック,,l,"old english, modern"
ホロウェイ,,l,"old english, modern"
ブロック,,l,"old english, modern"
プール,,l,"old english, modern"
フランク,,l,"old english, modern"
ローガン,m,"f, l","old english, modern"
バス,,l,"old english, modern"
マーシュ,,l,"old english, modern"
ドレイク,,l,"old english, modern"
ウォン,,l,modern
ジェファーソン,,l,"old english, modern"
パク,,l,"old english, modern"
モートン,,l,"old english, modern"
アボット,,l,"old english, modern"
スパークス,,l,"old english, modern"
パトリック,m,"f, l","old english, modern"
ノートン,m,"f, l","old english, modern"
ハフ,,l,"old english, modern"
クレイトン,,l,"old english, modern"
マッセイ,,l,"old english, modern"
ロイド,m,"f, l","old english, modern"
フィゲロア,,l,modern
カーソン,m,"f, l","old english, modern"
バウワーズ,,l,"old english, modern"
ロバソン,,l,"old english, modern"
バルトン,,l,"old english, modern"
トラン,,l,"old english, modern"
ラム,f,"f, l","old english, modern"
ハリントン,,l,"old english, modern"
ケイシー,"m, f","f, l","old english, modern"
ブーン,,l,"old english, modern"
コルテス,,l,modern
クラルク,m,"f, l","old english, modern"
マティス,,l,"old english, modern"
シングルトン,,l,"old english, modern"
ウィルキンス,,l,"old english, modern"
カイン,m,"f, l","old english, modern"
ブライアン,m,"f, l","old english, modern"
アンダーウッド,,l,"old english, modern"
ホーガン,,l,"old english, modern"
マッケンジー,,l,"old english, modern"
コリアー,,l,"old english, modern"
ルナ,f,"f, l",modern
フェルプス,,l,"old english, modern"
マクガイア,,l,"old english, modern"
アリソン,f,"f, l","old english, modern"
ブリッジズ,,l,"old english, modern"
ウィルカーソン,,l,"old english, modern"
ナッシュ,,l,"old english, modern"
サマーズ,,l,"old english, modern"
アトキンス,,l,"old english, modern"
ウィルコックス,,l,"old english, modern"
ピッツ,,l,"old english, modern"
コンリー,,l,"old english, modern"
マルケス,,l,modern
バネット,,l,"old english, modern"
リチャード,m,"f, l","old english, modern"
コクラン,,l,"old english, modern"
チェイス,f,"f, l","old english, modern"
ダベンポート,,l,"old english, modern"
フード,,l,"old english, modern"
ゲイツ,,l,"old english, modern"
クレイ,,l,"old english, modern"
アヤラ,,l,modern
ソーヤー,,l,"old english, modern"
ローマン,m,"f, l","old english, modern"
ヴァスケス,,l,modern
ディッカーソン,,l,modern
ホッジ,,l,"old english, modern"
アコスタ,,l,modern
フリン,,l,"old english, modern"
エスピノーザ,,l,modern
ニコルソン,,l,"old english, modern"
モンロー,,l,"old english, modern"
ウルフ,,l,"old english, modern"
モロー,,l,"old english, modern"
カーク,,l,"old english, modern"
ランドール,m,"f, l","old english, modern"
アンソニー,,l,"old english, modern"
ホイタカー,,l,"old english, modern"
オコナー,,l,"old english, modern"
スキナー,,l,"old english, modern"
ウェア,,l,"old english, modern"
モリーナ,,l,modern
カービー,,l,"old english, modern"
ハフマン,,l,"old english, modern"
ブラッドフォード,,l,"old english, modern"
チャールズ,m,"f, l","old english, modern"
ギルモア,,l,"old english, modern"
ドミンゲス,,l,modern
オニール,,l,"old english, modern"
ブルース,m,"f, l","old english, modern"
ラング,,l,"old english, modern"
コームズ,,l,"old english, modern"
クレイマー,,l,"old english, modern"
ヒース,,l,"old english, modern"
ハンコック,,l,"old english, modern"
ギャラガー,,l,"old english, modern"
ゲインズ,,l,"old english, modern"
シャッファー,,l,"old english, modern"
ショート,,l,"old english, modern"
ウィギンズ,,l,"old english, modern"
マチューズ,,l,"old english, modern"
マクレイン,,l,"old english, modern"
フィッシェ,,l,"old english, modern"
ウォール,,l,"old english, modern"
スモール,,l,"old english, modern"
メルトン,,l,"old english, modern"
ヘンズリー,,l,"old english, modern"
ボンド,,l,"old english, modern"
ダイアー,,l,"old english, modern"
キャメロン,"m, f","f, l","old english, modern"
グライムス,,l,"old english, modern"
コントレラス,,l,"old english, modern"
クリスチャン,m,"f, l","old english, modern"
ワイアット,m,"f, l","old english, modern"
バクスター,,l,"old english, modern"
スノー,,l,"old english, modern"
モズリー,,l,"old english, modern"
シェパード,,l,"old english, modern"
ラーセン,,l,"old english, modern"
フーバー,,l,"old english, modern"
ビーズリー,,l,"old english, modern"
グレン,,l,"old english, modern"
ピーターセン,,l,"old english, modern"
ホワイトヘッド,,l,"old english, modern"
メイヤーズ,,l,"old english, modern"
キース,m,"f, l","old english, modern"
キア,m,f,"old english, modern"
ギャリソン,,l,"old english, modern"
ヴィンセント,,l,"old english, modern"
シールズ,,l,"old english, modern"
ホーン,,l,"old english, modern"
サヴェージ,,l,"old english, modern"
オルセン,,l,"old english, modern"
シュローダー,,l,"old english, modern"
ハートマン,,l,"old english, modern"
ウッドアード,,l,"old english, modern"
ミューラー,,l,"old english, modern"
ケンプ,,l,"old english, modern"
デレオン,,l,"old english, modern"
ブース,,l,"old english, modern"
パテル,,l,"old english, modern"
カルフーン,,l,"old english, modern"
ワイリー,,l,"old english, modern"
イートン,,l,"old english, modern"
クリーン,,l,"old english, modern"
ナバロ,,l,modern
ハレル,,l,"old english, modern"
レスター,,l,"old english, modern"
ハンフリー,,l,"old english, modern"
パリッシュ,,l,"old english, modern"
デュラン,,l,"old english, modern"
ハッチンソン,,l,"old english, modern"
ヘス,,l,"old english, modern"
ドーシー,,l,"old english, modern"
バロック,,l,"old english, modern"
ロブレス,,l,"old english, modern"
ビアード,,l,"old english, modern"
ダルトン,,l,"old english, modern"
アビラ,,l,"old english, modern"
ヴァンス,,l,"old english, modern"
リッチ,m,"f, l","old english, modern"
ブラックウェル,,l,"old english, modern"
ヨーク,,l,"old english, modern"
ジョン,m,"f, l","old english, modern"
ジョンズ,,l,"old english, modern"
ブランケンシップ,,l,"old english, modern"
トレビーノ,,l,"old english, modern"
サリナス,,l,modern
カンポス,,l,modern
プルイット,,l,"old english, modern"
モーゼス,m,"f, l","old english, modern"
キャラハン,,l,"old english, modern"
ゴールデン,,l,"old english, modern"
モントーヤ,,l,modern
ハーディン,,l,"old english, modern"
ゲラ,,l,"old english, modern"
マクダウェル,,l,"old english, modern"
ケアリー,,l,"old english, modern"
スタッフォード,,l,"old english, modern"
ガジェゴス,,l,modern
ヘンソン,,l,"old english, modern"
ウィルキンソン,,l,"old english, modern"
ブッカー,,l,"old english, modern"
メリット,,l,"old english, modern"
ミランダ,f,"f, l",modern
アトキンソン,,l,"old english, modern"
オア,,l,"old english, modern"
デッカー,,l,"old english, modern"
ホッブス,,l,"old english, modern"
プレストン,,l,"old english, modern"
タナー,m,"f, l","old english, modern"
ノックス,,l,"old english, modern"
パチェコ,,l,modern
スティーフンソン,,l,"old english, modern"
グラス,,l,"old english, modern"
ロハス,,l,modern
セラーノ,,l,modern
マークス,,l,"old english, modern"
ヒックマン,,l,"old english, modern"
イングリッシュ,,l,"old english, modern"
スウィーニー,,l,"old english, modern"
ストロング,,l,"old english, modern"
プリンス,,l,"old english, modern"
マクルーア,,l,"old english, modern"
コンウェイ,,l,"old english, modern"
ウォルター,m,"f, l","old english, modern"
ロース,,l,"old english, modern"
メイナード,,l,"old english, modern"
ファレル,,l,"old english, modern"
ロウリー,,l,"old english, modern"
ハースト,,l,"old english, modern"
ニクソン,m,"f, l","old english, modern"
ワイス,,l,"old english, modern"
トルヒーヨ,,l,modern
エリソン,,l,"old english, modern"
スローン,,l,"old english, modern"
フアレス,,l,modern
ウィンターズ,,l,"old english, modern"
マクレーン,,l,"old english, modern"
ランドルフ,,l,"old english, modern"
レオン,m,"f, l","old english, modern"
ボイヤー,,l,"old english, modern"
ビジャレアル,,l,modern
マッコール,,l,"old english, modern"
ジェントリー,,l,"old english, modern"
カリーヨ,,l,modern
ケント,,l,"old english, modern"
エイヤーズ,,l,"old english, modern"
ララ,f,"f, l","old english, modern"
シャノン,f,"f, l","old english, modern"
セクストン,,l,"old english, modern"
ペース,,l,"old english, modern"
ハル,,l,"old english, modern"
ルブラン,,l,"old english, modern"
ブラウニング,,l,"old english, modern"
ベラスケス,,l,modern
リーチ,,l,"old english, modern"
シャン,,l,modern
ハウス,,l,"old english, modern"
セラーズ,,l,"old english, modern"
ヘリング,,l,"old english, modern"
ノーブル,,l,"old english, modern"
フォーリー,,l,"old english, modern"
バートレット,,l,"old english, modern"
メルカド,,l,modern
ランドリー,,l,"old english, modern"
ダラム,,l,"old english, modern"
ウォールズ,,l,"old english, modern"
バール,,l,"old english, modern"
マッキー,,l,"old english, modern"
バウアー,,l,"old english, modern"
リバーズ,,l,"old english, modern"
エヴレット,,l,"old english, modern"
ブラッドショー,,l,"old english, modern"
ピュー,,l,"old english, modern"
ベレス,,l,modern
ラッシュ,,l,"old english, modern"
エステス,,l,modern
ドッドソン,,l,"old english, modern"
モース,,l,"old english, modern"
シェッパード,,l,"old english, modern"
ウィークス,,l,"old english, modern"
カマチョ,,l,modern
バロン,,l,"old english, modern"
リビングストン,,l,"old english, modern"
ミドルトン,,l,"old english, modern"
スピアーズ,,l,"old english, modern"
ブランチ,,l,"old english, modern"
ブレヴィンズ,,l,"old english, modern"
チェン,,l,modern
ケア,,l,"old english, modern"
マコーネル,,l,"old english, modern"
ハットフィールド,,l,"old english, modern"
ハーディング,,l,"old english, modern"
アシュリー,"m, f","f, l","old english, modern"
ソリス,,l,modern
ハーマン,m,l,"old english, modern"
フロスト,,"f, l","old english, modern"
ジャイルズ,,l,"old english, modern"
ブラックバーン,,l,"old english, modern"
ウィリアム,m,"f, l","old english, modern"
ペニングトン,,l,"old english, modern"
ウッドワード,,l,"old english, modern"
フィンレー,,l,"old english, modern"
マッキントッシュ,,l,"old english, modern"
コッホ,,l,"old english, modern"
ベスト,,l,"old english, modern"
ソロモン,m,"f, l","old english, modern"
マッカロウ,,l,"old english, modern"
ダドリー,m,"f, l","old english, modern"
ノーラン,m,"f, l","old english, modern"
ブランチャード,,l,"old english, modern"
リバス,,l,modern
ブレナン,,l,"old english, modern"
メヒア,,l,modern
ケイン,m,"f, l","old english, modern"
ベントン,,l,"old english, modern"
ジョイス,f,"f, l","old english, modern"
バックリー,,l,"old english, modern"
ヘイリー,f,"f, l","old english, modern"
バレンタイン,f,"f, l","old english, modern"
マドックス,,l,"old english, modern"
ルッソ,,l,modern
マクナイト,,l,"old english, modern"
バック,m,"f, l","old english, modern"
ムーン,f,"f, l","old english, modern"
マクミラン,,l,"old english, modern"
クロスビー,,l,"old english, modern"
バーグ,,l,"old english, modern"
ドットソン,,l,"old english, modern"
メイズ,,l,"old english, modern"
ローチ,,l,"old english, modern"
チャーチ,,l,"old english, modern"
チャン,,l,modern
リッチモンド,,l,"old english, modern"
メドウズ,,l,"old english, modern"
フォークナー,,l,"old english, modern"
オニル,,l,"old english, modern"
ナップ,,l,"old english, modern"
クライネ,,l,"old english, modern"
バリー,m,"f, l","old english, modern"
オチョア,,l,modern
ジェイコブソン,,l,"old english, modern"
ゲイ,,l,"old english, modern"
エイブリー,m,"f, l","old english, modern"
ヘンドリックス,,l,"old english, modern"
ホルン,,l,"old english, modern"
シェパル,,l,"old english, modern"
エバート,,l,"old english, modern"
チェリー,,l,"old english, modern"
カルデナス,,l,modern
マッキンタイア,,l,"old english, modern"
ホイットニー,f,"f, l","old english, modern"
ウォーラー,,l,"old english, modern"
ホルマン,,l,"old english, modern"
ダナルソン,,l,"old english, modern"
カントゥ,,l,modern
テレル,m,"f, l","old english, modern"
モリン,,l,"old english, modern"
ギレスピー,,l,"old english, modern"
フエンテス,,l,modern
ティルマン,,l,"old english, modern"
サンフォード,,l,"old english, modern"
ベントレー,,l,"old english, modern"
ペック,,l,"old english, modern"
キー,,l,"old english, modern"
サラス,,l,modern
ローリンズ,,l,"old english, modern"
ギャンブル,,l,"old english, modern"
ディックソン,,l,"old english, modern"
バトル,,l,"old english, modern"
サンタナ,,l,modern
カブレラ,,l,modern
セルバンテス,,l,modern
ハウ,,l,"old english, modern"
ヒントン,,l,"old english, modern"
ハーリー,,l,"old english, modern"
スペンス,m,"f, l","old english, modern"
ザモラ,,l,modern
ヤン,,l,modern
マクニール,,l,"old english, modern"
スアレス,,l,modern
ケース,m,"f, l","old english, modern"
ペティ,,l,"old english, modern"
グールド,,l,"old english, modern"
マクファーランド,,l,"old english, modern"
サンプソン,,l,"old english, modern"
カーヴァー,,l,"old english, modern"
ブレイ,,l,"old english, modern"
ロザリオ,,l,modern
マクダナルド,,l,"old english, modern"
スタウト,,l,"old english, modern"
ヘスター,,l,"old english, modern"
メレンデス,,l,modern
ディロン,,l,"old english, modern"
ファーレイ,f,"f, l","old english, modern"
ホッパー,,l,"old english, modern"
ギャロウェイ,,l,"old english, modern"
ポッツ,,l,"old english, modern"
バーナード,m,"f, l","old english, modern"
ジョイナー,,l,"old english, modern"
スタイン,,l,"old english, modern"
アギレ,,l,modern
オズボン,,l,"old english, modern"
マーサー,,l,"old english, modern"
ベンダー,,l,"old english, modern"
フランコ,,l,"old english, modern"
ローランド,,l,"old english, modern"
サイクス,,l,"old english, modern"
ベンジャミン,m,"f, l","old english, modern"
トラビス,m,"f, l","old english, modern"
ピケット,,l,"old english, modern"
クレイン,,l,"old english, modern"
シアーズ,,l,"old english, modern"
ダンラップ,,l,"old english, modern"
ヘイデン,m,"f, l","old english, modern"
ワイルダー,,l,"old english, modern"
マッケイ,,l,"old english, modern"
コフィー,,l,"old english, modern"
マカーティ,,l,"old english, modern"
ユイング,,l,"old english, modern"
クーリー,,l,"old english, modern"
ヴォーン,,l,"old english, modern"
ボナー,,l,"old english, modern"
コットン,,l,"old english, modern"
ホルダー,,l,"old english, modern"
スターク,,l,"old english, modern"
フェレル,,l,"old english, modern"
カントレル,,l,"old english, modern"
フルトン,,l,"old english, modern"
リン,f,"f, l","old english, modern"
ロット,,l,"old english, modern"
カルデロン,,l,modern
ローザ,,l,modern
ポラード,,l,"old english, modern"
フーパー,,l,"old english, modern"
バーチ,,l,"old english, modern"
マレン,,l,"old english, modern"
フライ,,l,"old english, modern"
リドル,m,"f, l","old english, modern"
レヴィ,,l,"old english, modern"
デイビッド,m,"f, l","old english, modern"
デューク,m,"f, l","old english, modern"
オドネル,,l,"old english, modern"
ガイ,m,"f, l","old english, modern"
マイケル,m,"f, l","old english, modern"
ブリット,,l,"old english, modern"
フレデリック,m,"f, l","old english, modern"
ドハティ,,l,"old english, modern"
バーガー,,l,"old english, modern"
ディラード,,l,"old english, modern"
アルストン,,l,"old english, modern"
ジャービス,,l,"old english, modern"
フレイ,,l,"old english, modern"
リッグス,,l,"old english, modern"
チェイニー,,l,"old english, modern"
オドム,,l,"old english, modern"
ダフィ,,l,"old english, modern"
フィッツパトリック,,l,"old english, modern"
バレンスエラ,,l,modern
メリル,,l,"old english, modern"
メイヤー,,l,"old english, modern"
アルフォード,,l,"old english, modern"
マクファーソン,,l,"old english, modern"
アセベド,,l,modern
ドノバン,,l,"old english, modern"
バレラ,,l,modern
アルバート,,l,"old english, modern"
コート,,l,"old english, modern"
レイリー,,l,"old english, modern"
コンプトン,m,"f, l","old english, modern"
レイモンド,m,"f, l","old english, modern"
ムーニー,,l,"old english, modern"
マクガワン,,l,"old english, modern"
クラフト,,l,"old english, modern"
クリーブランド,,l,"old english, modern"
クレモンズ,,l,"old english, modern"
ウィン,,l,"old english, modern"
ニールセン,,l,"old english, modern"
#ベアード,,l,"old english, modern"
スタントン,,l,"old english, modern"
スニダー,,l,"old english, modern"
ロサレス,,l,modern
ブライト,,l,"old english, modern"
ウィット,,l,"old english, modern"
スチュアート,m,"f, l","old english, modern"
ヘイス,,l,"old english, modern"
ホールデン,m,"f, l","old english, modern"
ラトリッジ,,l,"old english, modern"
キニー,,l,"old english, modern"
クレメンツ,,l,"old english, modern"
カスタネダ,,l,modern
スレーター,,l,"old english, modern"
ハーン,,l,"old english, modern"
エマーソン,,l,"old english, modern"
コンラッド,m,"f, l","old english, modern"
バークス,,l,"old english, modern"
デラニー,,l,"old english, modern"
ペイト,,l,"old english, modern"
ランカスター,,l,"old english, modern"
スイート,,l,"old english, modern"
ジャスティス,,l,"old english, modern"
タイソン,m,"f, l","old english, modern"
シャルプ,,l,"old english, modern"
ホイットフィールド,,l,"old english, modern"
タリー,,l,"old english, modern"
マシアス,,l,modern
アーウィン,m,"m, l","old english, modern"
バリス,,l,"old english, modern"
ラトリフ,,l,"old english, modern"
マクレイ,,l,"old english, modern"
マデン,,l,"old english, modern"
カウフマン,,l,"old english, modern"
ビーチ,,l,"old english, modern"
ゴフ,,l,"old english, modern"
キャッシュ,,l,"old english, modern"
ボルトン,,l,"old english, modern"
マクファデン,,l,"old english, modern"
レビン,,l,"old english, modern"
グッド,,l,"old english, modern"
バイヤーズ,,l,"old english, modern"
カークランド,,l,"old english, modern"
キッド,,l,"old english, modern"
ワークマン,,l,"old english, modern"
カーニー,,l,"old english, modern"
デール,m,"f, l","old english, modern"
マクレオド,,l,"old english, modern"
ホルコム,,l,"old english, modern"
イングランド,,l,"old english, modern"
フィンチ,,l,"old english, modern"
バート,m,"f,l","old english, modern"
ヘンドリクス,,l,"old english, modern"
ソーサ,,l,modern
ヘイニー,,l,"old english, modern"
フランクス,,l,"old english, modern"
サージェント,,l,"old english, modern"
ニエベス,,l,"old english, modern"
ダウンズ,,l,"old english, modern"
ラスムッセン,,l,"old english, modern"
ベルド,,l,"old english, modern"
ヒューイット,,l,"old english, modern"
リンゼイ,f,"f,l","old english, modern"
フォアマン,,l,"old english, modern"
バレンシア,,l,modern
オーニル,,l,"old english, modern"
デラクルス,,l,modern
ヴィンソン,,l,"old english, modern"
デヘスス,,l,modern
ハイド,,l,"old english, modern"
フォーブス,,l,"old english, modern"
ギリアム,,l,"old english, modern"
ガスリー,,l,"old english, modern"
ウートン,,l,"old english, modern"
ヒューバー,,l,"old english, modern"
バーロウ,,l,"old english, modern"
ボイル,,l,"old english, modern"
マクマホン,,l,"old english, modern"
バックナー,,l,"old english, modern"
ロチャ,,l,modern
パケット,,l,"old english, modern"
ラングレー,,l,"old english, modern"
ノウルズ,,l,"old english, modern"
クーク,,l,"old english, modern"
ヴェラスケス,,l,modern
ホワイトリー,,l,"old english, modern"
ノエル,f,"f, l","old english, modern"
ヴァング,,l,modern
リバー,f,f,modern
オーシャン,"m, f","f, l",modern
アラスター,m,"f, l","old english, modern"
フレイヤ,f,f,"modern, myth"
,,,
エスター,f,f,"old english, modern"
アビゲイル,f,f,"old english, modern"
エマニュエル,m,f,modern
ガブリエル,m,f,modern
ハリアー,m,f,modern
デュ・ボワ,,l,modern
ターンアバウト,,l,modern
バソナ,,l,world
アタテケン,,l,world
ナレス,,l,world
ヘイゼン,,l,world
スノーバンク,,l,world
アナディル,,l,world
コルヴァ,,l,world
オネガ,,l,world
ヴォロンヤ,f,f,world
スナ,,l,world
マルカ,f,f,world
トボル,,l,world
カトゥン,,l,world
ケタ,,l,world
カーチャ,,l,world
オルホン,,l,world
モロド,,l,world
モロイ,,l,world
キレンガ,,l,world
チェルナヤ,,l,world
ゼヤ,,l,world
トランブレイ,,l,world
ガニョン,,l,world
デジャルダン,,l,world
ゴティエ,,l,world
ベルジェロン,,l,world
ブランジェ,,l,world
ブシャール,,l,world
ペレティエ,,l,world
ガニェ,,l,world
ラヴォワ,,l,world
フォルタン,,l,world
ルヴェック,,l,world
メルロー,,l,world
メルカイヨン,,l,world
モワーズ,,l,world
ジャカール,,l,world
ムーリニエ,,l,world
カロ,,l,world
コタン,,l,world
モクタール,,l,world
アダモス,,l,world
ジファス,,l,world
シデリス,,l,world
ロジ,,l,world
ペルソポウロス,,l,world
オタノス,,l,world
マサリス,,l,world
ネフス,,l,world
イラクリディス,,l,world
カザン,,l,world
クロニス,,l,world
アンジェリス,,l,world
バラスカ,,l,world
エトス,,l,world
ユザー,m,f,world
シャーボーク,,l,world
モン・ロイヤル,,l,world
ロリエ,,l,world
ロズモン,,l,world
ボービエン,,l,world
ボードリー,,l,world
パピノー,,l,world
フロンテナック,,l,world
ジョリエット,,l,world
アングリニョン,,l,world
ヴェルダン,,l,world
ラサール,,l,world
アトウォーター,,l,world
ジャン・タロン,,l,world
トール,m,f,myth
ゼウス,m,f,myth
イシス,f,f,myth
イシュタル,f,f,myth
ミン,m,f,myth
ラー,m,f,myth
オシリス,m,f,myth
アヌビス,m,f,myth
セト,m,f,myth
ハトホル,f,f,myth
ワジェト,f,f,myth
カーリー,f,f,myth
エニョ,f,f,myth
アテナ,f,f,"myth, modern"
ミネルヴァ,f,f,myth
ヴァルダ,f,f,myth
ゾルヤ,f,f,myth
エンキ,m,f,myth
ギルガメッシュ,m,f,myth
ヘラクレス,m,f,myth
ヘクトル,m,f,myth
ヘレン,f,f,"myth, modern"
パリス,m,f,myth
エネアス,m,f,myth
アルテミス,f,f,myth
アレス,m,f,myth
ヘルメス,m,f,myth
ポセイドン,m,f,myth
アポロ,m,f,myth
ヘラ,f,f,myth
エーリス,f,f,myth
イクシェル,f,f,myth
未来,f,f,future
ナサ,,f,future
カリフォルニア,f,l,future
ネバダ,f,l,future
アメリカ,,f,future
アラスカ,f,f,future
ソユーズ,f,f,future
#バイカル,m,f,future
ヴォルナ,f,f,future
技術者,,l,future
フィオーレ,,l,future
ハンタ,,l,future
ユアドン,,l,future
ディジエット,f,f,future
ルイテン,,l,future
カクリ,,l,future
ソル,m,f,future
ルナ,f,f,future
シリウス,,l,future
プロキオン,,l,future
ケンタウリ,,l,future
プロキシマ,,l,future
アクアリ,,l,future
エリダニ,,l,future
ラカイユ,,l,future
シグニ,,l,future
タウ・ケチ,,l,future
グリーゼ,,l,future
プルート,m,f,future
エーリス,f,f,future
セドナ,f,f,"future, myth"
カロン,m,f,"future, myth"
ケレス,f,f,"future, myth"
水星,m,f,"future, myth"
火星,m,f,"future, myth"
金星,f,f,"future, myth"
アード,f,f,"future, myth"
アレス,m,f,"future, myth"
木星,m,f,"future, myth"
土星,m,f,"future, myth"
天王星,m,f,"future, myth"
海王星,m,f,"future, myth"
オリオン,m,f,"future, myth"
オルクス,m,f,"future, myth"
ヴァルナ,f,f,"future, myth"
エリジウム,,l,"future, myth"
ヘラス,,l,future
キメリア,,l,future
エリダニア,,l,future
タルシス,,l,future
オリンポス,,l,"future, myth"
デネブ,,l,future
フォボス,,l,"future, myth"
ダイモス,,l,"future, myth"
イオ,f,"f, l","future, myth"
エウロパ,f,"f, l","future, myth"
カリスト,f,"f, l","future, myth"
ガニメデ,m,"f, l","future, myth"
タイタン,m,"f, l","future, myth"
ティタニア,f,f,"future, myth"
トリトン,m,"f, l","future, myth"
ミマス,m,"f, l",future
コモン,,l,future
ダトゥス,,l,future
サマースター,,l,future
ボルタ,m,f,future
ミラス,f,f,future
ユラニア,f,f,future
エリム,m,f,future
トリニティ,f,f,future
#ステーション,,l,future
オービタル,,l,future
ギャラリー,,l,future
ダスト,,l,future
エジプト,"m, f","f, l",future
ペルシャ,"m, f","f, l",future
パタゴニア,,l,future
アラフラ,f,f,future
キャンピオン,m,f,future
アドラナ,f,f,future
パースレイン,f,f,future
ベトニー,f,f,"old english, modern"
ガリンゲイル,m,f,future
ヘスペルス,m,f,"future, myth"
カデンス,f,f,future
カスケード,m,f,future
フェスキュー,m,f,future
ラブラドール,m,l,future
シベリア,f,l,future
オベロン,m,"f, l","future, myth"
メガス,m,f,future
メガレ,f,f,future
ダジェイル,f,f,future
月曜日,"m, f",f,"modern, future"
水曜日,f,f,"modern, future"
金曜日,m,f,"modern, future"
カナダ,"m, f",f,future
メキシコ,m,f,future
シエラ・アスール,,l,future
ロマ・プリエタ,,l,future
アノ・ヌエボ,,l,future
チコモズトク,,l,future
イヴェール,,l,future
セカンド,,"f, l",future
サード,,"f, l",future
フォース,,"f, l",future
ツー,,"f, l",future
スリー,,"f, l",future
フォー,,"f, l",future
ファーストシフト,,l,future
セカンドシフト,,l,future
サードシフト,,l,future
クライオボーン,,l,future
オーグメント,,l,future
アーティフィス,f,f,future
シンビオート,"m, f",f,future
ウルトラ,f,f,future
ペリヘリオン,f,f,future
アペリオン,m,f,future
ベルター,,l,future
ストレンジレット,,l,future
スペースボーン,,l,future
ヒュギエイア,f,f,"myth, future"
キュベレー,f,f,"myth, future"
オーロラ,f,f,"myth, future"
ユーロパニアン,,l,future
マルス人,,l,future
ヴィーナス人,,l,future
ルナール,,l,future
セレア人,,l,future
タイタニアン,,l,future
テンスゲン,,l,future
オクタジェンズ,,l,future
インターステラ,,l,future
X,,l,future
ニル,,"f, l",future
ゼロ,m,f,future
ケンタウルス人,,l,future
セティアン,,l,future
ロッシアン,,l,future
ケンタウリアン,,l,future
セリアン,,l,future
ヴィーガン,,l,future
ルイテン人,,l,future
プロミクサ,,l,future
モルセン,,l,future
クエル,,l,future
クリンカー,,l,future
プロゾール,f,f,future
ハスパー,m,f,future
ゾスマ,f,f,future
ウェゼン,m,f,future
トルクラ,,l,future
ザウラク,,l,future
スハイル,,l,future
シェリアク,f,f,future
ラサラス,,l,future
ロタネヴ,,l,future
ポリス,,l,future
ポルックス,m,f,myth
ニハル,,l,future
メリディアナ,f,f,future
クマ,f,f,future
イザール,m,f,future
フル,,l,future
ギナン,,l,future
アビオール,,l,future
アルクトゥルス,m,f,myth
アンカー,,l,future
アドラ,,l,future
ヴェラ,f,f,future
ウンブリエル,f,f,future
サンゼッド,,l,future
ナッスン,f,f,future
エッスン,f,f,future
インノン,m,f,future
シャファ,m,f,future
ダマヤ,f,f,future
フレックス,,l,future
トロ,,l,future
スパイラル,,l,future
マリナー,,l,future
エオリス,m,f,future
アルギレ,,l,future
ノアキス,,l,future
デダリア,,l,future
アマゾニス,,l,future
アルカディア,,l,future
シレヌム,,l,future
フレグラ,,l,future
オーストラーレ,,l,future
プロメテイ,,l,future
サーペンティス,,l,future
ネペンテス,,l,future
インブリウム,,l,future
ジュラ,,l,future
ラランデ,,l,future
シュトルーヴェ,,l,future
ウルサ,f,f,myth
チャアク,m,f,myth
カブラカン,m,"f, l",myth
アクナ,f,f,myth
アロム,m,f,myth
シテレアン,,l,future
ハデアン,,l,future
ズン,m,f,"world, future"
メセク,,l,"world, future"
チャンド,,l,"world, future"
スーリヤ,,l,"world, future"
コルシッド,m,f,"world, future"
ティール,m,f,"world, future"
ジンシン,,l,"world, future"
タイヨウ,,l,"world, future"
ツキ,,l,"world, future"
ブラン,f,f,"world, future"
ムウェジ,,l,"world, future"
メンデレーエフ,,l,world
リ,,l,world
ワン,,l,world
ザン,,l,world
リウ,,l,world
チェン,,l,world
ヤン,,l,world
ジャオ,,l,world
ホアン,,l,world
ジョウ,,l,world
ウー,,l,world
シャルマ,,l,world
ヴェルマ,,l,world
グプタ,,l,world
チャタージー,,l,world
セン,,l,world
ボース,,l,world
ナヤール,,l,world
ピライ,,l,world
#ラオ,,l,world
シン,,l,world
ヤダブ,,l,world
カーン,,l,world
シャー,,l,world
メータ,,l,world
パテル,,l,world
パワール,,l,world
ラーム,,l,world
シュー,,l,world
#サン,,l,world
マ,,l,world
佐藤,,l,world
鈴木,,l,world
高橋,,l,world
渡辺,,l,world
伊藤,,l,world
中村,,l,world
小林,,l,world
山本,,l,world
加藤,,l,world
吉田,,l,world
山田,,l,world
桐生,,l,world
キム,,l,world
リー,,l,world
パク,,l,world
チェ,,l,world
チョン,,l,world
カン,,l,world
ユン,,l,world
ジャン,,l,world
リム,,l,world
ハン,,l,world
サントス,,l,world
レイエス,,l,world
クルス,,l,world
バウティスタ,,l,world
オカンポ,,l,world
カヤ,,l,world
デミル,,l,world
ユルマズ,,l,world
グエン,,l,world
トラン,,l,world
ファム,,l,world
フェルナンデス,,l,world
ロドリゲス,,l,world
ゴンザレズ,,l,world
ガルシア,,l,world
ロペス,,l,world
マルティネス,,l,world
ペレス,,l,world
アルバレス,,l,world
ゴメス,,l,world
フロレス,,l,world
ザンブラーノ,,l,world
パーソード,,l,world
トジョン,,l,world
ジーン,,l,world
ディアロ,,l,world
ジュマ,,l,world
オケロ,,l,world
コレア,,l,world
アフメド,,l,world
ガンボルド,,l,world
キラ,,l,world
ロメロ,,l,world
バッティ,,l,world
バローチ,,l,world
メモン,,l,world
ニアジ,,l,world
カドリ,,l,world
ザカリア,,l,world
カデール,,l,world
ファラ,,l,world
オスマン,,l,world
イムラン,,l,world
ソナリ,,l,world
ダルマル,,l,world
イブラヒム,,l,world
ガレット,,l,world
#ダウド,,l,world
アパウソ,,l,world
アデバヨ,,l,world
オニ,,l,world
エゼ,,l,world
オカフォ,,l,world
ダルワラ,,l,world
ダール,,l,world
コレレフ,,l,world
ルフマン,,l,world
ケベ,f,f,world
テミトペ,f,f,world
ンズベ,f,f,world
アヨミデ,f,f,world
オラビシ,f,f,world
ケミ,f,f,world
チムダル,f,f,world
イドリス,m,f,world
オラワレ,m,f,world
アデワレ,m,f,world
オペイエミ,m,f,world
ウチェ,m,f,world
アヨデレ,m,f,world
アバエゼ,m,f,world
ゾプタ,f,f,world
オサ,f,f,world
オバ,m,f,world
ファナ,f,f,world
ゲナット,f,f,world
イスカンダル,m,f,world
ダウィト,m,f,world
ガブラ,m,f,world
ハキム,m,f,world
ネガシ,f,f,world
ザラ,f,f,world
ヤコブ,m,f,world
ラピス,f,f,world
フ,m,f,world
ラニア,f,f,world
サブラ,f,f,world
ヌール,f,f,world
ガマル,m,f,world
アバシ,m,f,world
プトリ,f,f,world
インタン,f,f,world
ヌルル,f,f,world
アユ,f,f,world
アマリア,f,f,world
リオ,m,f,world
ファウジ,m,f,world
ファジャール,m,f,world
ハリーム,m,f,world
チャイヤ,m,f,world
チャンティラ,f,f,world
アラン,m,f,world
アヌラック,m,f,world
ホム,f,f,world
ファ・イン,f,f,world
ドー,f,f,world
ボグダン,m,f,world
アンドン,m,f,world
ボヤナ,f,f,world
フィリパ,f,f,world
ガブリル,m,f,world
ラザール,m,f,world
ラダ,f,f,world
ヨアン,m,f,world
サヴァ,m,f,world
ネヴェナ,f,f,world
ジブコ,m,f,world
アン,f,f,world
ライン,f,f,world
タン,m,f,world
トゥアン,m,f,world
ナム,m,f,world
トゥラン,f,f,world
ナット,m,f,world
ヴァントゥ,m,f,world
クイェット,m,f,world
シム,f,f,world
アイシャ,f,f,world
アミナ,f,f,world
ムーサ,m,f,world
アブドゥ,m,f,world
ハリマ,f,f,world
ザリヤ,f,f,world
ラマ,f,f,world
マリヤ,f,f,world
アド,m,f,world
ザダ,m,f,world
サマ,m,f,world
サルハ,m,f,world
タロン,,l,world
ジャリー,,l,world
アイリーン,f,f,world
ファラ,f,f,world
ナディア,f,f,world
ヴァニア,f,f,world
ニサ,f,f,world
ケジア,f,f,world
ファーレル,m,f,world
ディマス,m,f,world
バユ,m,f,world
アンセル,m,f,world
オリビア,f,f,"world, modern"
エマ,f,f,"old english, modern"
ルイーズ,f,f,modern
リナ,f,f,modern
アリス,f,f,"old english, modern"
ソフィア,f,f,modern
ミア,f,f,modern
アンナ,f,f,"old english, modern"
ジュリエット,f,f,modern
アーサー,m,f,"old english, modern"
ジュール,m,f,modern
ルイ,m,f,modern
リアム,m,f,modern
ヴィクター,m,f,modern
ガブリエラ,f,f,modern
アダム,m,f,"old english, modern"
ベレー,,l,"modern, world"
マロワ,,l,"modern, world"
シャンプー,,l,"modern, world"
ジュトー,,l,"modern, world"
ヴァルクール,,l,"modern, world"
デュガス,,l,"modern, world"
シャソン,,l,"modern, world"
ドロレ,,l,"modern, world"
トロティエ,,l,"modern, world"
ランジュ,,l,"modern, world"
マンガット,,l,"modern, world"
ソン,,l,"modern, world"
ロック,,l,"modern, world"
ヤウ,,l,"modern, world"
ンゴ,,l,"modern, world"
リヒター,,l,"modern, world"
ランキン,,l,"modern, world"
マイアー,,l,"modern, world"
ファン,,l,"modern, world"
アリナ,f,f,world
エスタン,f,f,world
イシュタヌ,f,f,world
ワラド,,l,world
アラム,,l,world
ルサ,,l,world
アラ,"m, f",f,world
アシュール,,l,world
シンナバー,,l,future
メトロ,,l,future
ミンダロ,,l,future
パイン,,l,luddic
サイプレス,,l,luddic
レバノン,,l,world
ペパン,,l,world
ドルワン,,l,world
ローゾン,,l,world
ピロン,,l,world
シトキン,,l,world
アクタン,,l,world
ヌーク,,l,world
ジュニパー,f,"f, l",luddic
ポプラ,,l,luddic
トリー,,l,world
シーダーズ,,l,luddic
ヘムロック,,l,luddic
アネダ,f,"f, l",luddic
チュアン,,l,"modern, world"
ズアン,,l,"modern, world"
グオ,,l,"modern, world"
ホウ,,l,"modern, world"
ジー,f,f,"modern, world"
リーファ,f,f,"modern, world"
ズオ,m,f,"modern, world"
ガオ,m,f,"modern, world"
チャオ,m,f,"modern, world"
アオ,m,f,"modern, world"
モット,,l,world
アナス,f,"f, l",world
ヤリフ,f,,world
チャンドラ,f,"f, l",world
ミットヴォッハ,,l,future
マリクス,m,f,luddic
アラット,f,"f, l","future, world, myth"
ペトラ,f,"f, l","world, luddic"
グラ,f,"f, l",myth
ニン,f,f,world
ケレ,,l,world
バダ,,l,world
マケダ,f,"f, l",world
エザナ,m,"f, l",world
アモン,m,f,"world, myth"
ダッカ,,l,"world, future"
ダラウ,,l,"world, future"
ナワ,,l,"world, future"
コッソ,,l,world
セヴェリン,,l,world
オポチュン,,l,world
ラマナ,,l,world
イェリマ,,l,world
ロージ,,l,world
アジザ,,l,world
アリ,m,"f, l",world
ブルメール,,l,future
ニヴォーズ,,l,future
フリメール,,l,future
プリュヴィオーズ,,l,future
ヴァントーズ,,l,future
フロレアル,,l,future
プレイリアル,,l,future
メッシドール,,l,future
テルミドール,,l,future
ブーディカ,f,f,"world, future"
カドール,m,f,world
ブリジッド,f,f,world
フィニアン,m,f,world
エイダン,m,f,"world, modern"
ユージニア,f,f,"old english, modern"
ヴァレリ,f,f,world
オクタビア,f,f,world
ジュリア,f,f,modern
アンドロニカ,f,f,world
クラウディア,f,f,modern
ティトゥス,m,f,world
ティベリウス,m,f,world
オト,m,f,world
ジュリアン,m,f,world
ガイウス,m,f,world
キロン,m,"f, l","future, myth"
ネッサス,m,"f, l","future, myth"
ザリン,f,f,myth
モード,f,f,"old english, modern"
オリンピア,f,f,world
ヴィットリア,f,f,world
カタリナ,f,f,world
アナスタシア,f,f,"world, modern"
パオロ,m,f,"modern, world"
コジモ,m,f,"modern, world"
アマル,m,"f, l",world
インティ,,l,world
ドロゴ,m,f,world
ロタール,m,f,world
クロヴィス,m,f,world
ドーン,f,"f, l",luddic
フェイス・マイ・ジョイ,f,f,luddic
アライズ,m,f,"luddic, future"
コンフィデンス,m,f,luddic
ハンブル,,l,luddic
#ライブウェル,,l,luddic
リブリー,,l,"luddic, old english"
ウィープ・ノット,"m, f",f,luddic
シークウィズダム,,l,luddic
デリバランス,f,f,luddic
スモールホープ,,l,luddic
グレース,f,f,luddic
ライ,"m, f",f,"luddic, future"
ザイオン,,"f, l",luddic
サンデー,"m, f",f,"luddic, modern"
プロミス,"m, f",f,luddic
マーシー,f,f,luddic
リディーム,"m, f",f,luddic
フェイヴァー,"m, f",f,luddic
フェイス,f,f,luddic
サクリファイス,m,f,luddic
プリーズ・ゴッド,f,f,luddic
フィア・ゴッド,m,f,luddic
メイクピース,f,f,luddic
バランス,m,f,luddic
サイレンス,m,f,luddic
アミティ,f,f,luddic
ヴェリティ,f,f,luddic
プルーデンス,f,f,luddic
ホープ,f,f,luddic
バーチュー,f,f,luddic
エクスペリエンス,m,f,luddic
アッシュ,m,f,luddic
ダスト,m,f,luddic
ベアボーンズ,,l,luddic
メモリー,,l,luddic
ラメント,,l,luddic
ブレッシング,f,f,luddic
アーメン,m,f,luddic
ギブン・トゥ・ゴッド,,l,luddic
エクスルト,m,f,luddic
グリーンアース,,l,luddic
ホリオーク,,l,luddic
地の詩,,l,luddic
命を大切に,,l,luddic
地の儀式,,l,luddic
義務感,m,f,luddic
エマーソン,m,f,luddic
春,f,f,"luddic, future"
夏,f,f,"luddic, modern"
フォール,m,f,luddic
オータム,m,f,"luddic, future"
冬,f,f,"luddic, future"
エリファ,f,f,luddic
クレオファス,f,f,luddic
従順,f,f,luddic
ザカライア,m,f,luddic
オベディア,m,f,luddic
タデウス,m,f,luddic
キュロス,m,f,luddic
アザリア,m,f,luddic
テオフィルス,m,f,luddic
ヴァージル,m,f,luddic
快適,,l,luddic
マラキ,m,f,luddic
ユリカ,,f,ai
アルバスター,,f,ai
クリムゾン,,f,ai
アンバー,,f,ai
グリーン,,f,ai
ブルー,,f,ai
ホワイト,,f,ai
フクシア,,f,ai
イエロー,,f,ai
グレー,,f,ai
アジュール,,f,ai
ゴールド,,f,ai
シルバー,,f,ai
ブラック,,f,ai
マゼンタ,,f,ai
バイオレット,,f,ai
ウルトラバイオレット,,f,ai
インフラレッド,,f,ai
セルリアン,,f,ai
マルーン,,f,ai
ブラウン,,f,ai
バーガンディ,,f,ai
オレンジ,,f,ai
セラドン,,f,ai
セリース,,f,ai
シャルトリューズ,,f,ai
ローズ,,f,ai
シアン,,f,ai
ピュース,,f,ai
スカーレット,,f,ai
シエナ,,f,ai
アクアマリン,,f,ai
モーブ,,f,ai
エボニー,,f,ai
ヴィリディアン,,f,ai
ガンメタル,,f,ai
イクテリン,,f,ai
オクタリン,,f,ai
エクリュ,,f,ai
インディゴ,,f,ai
アイボリー,,f,ai
ジェイド,,f,ai
ラベンダー,,f,ai
ネイビー,,f,ai
オーカー,,f,ai
ヘリオトロープ,,f,ai
オリーブ,,f,ai
オニキス,,f,ai
パール,,f,ai
ウンバー,,f,ai
ルビー,,f,ai
ラスセット,,f,ai
サフラン,,f,ai
サファイア,,f,ai
スレート,,f,ai
テール,,f,ai
ターコイズ,,f,ai
ウルトラマリン,,f,ai
バーミリオン,,f,ai
エクザルテッド,,l,ai
メロディック,,l,ai
エンシェント,,l,ai
ヴェロシウス,,l,ai
テナシャス,,l,ai
サガシアス,,l,ai
ドラコニアン,,l,ai
プレヴェイリング,,l,ai
パラティアル,,l,ai
オプティマル,,l,ai
パラマウント,,l,ai
トランセンデント,,l,ai
アセンデント,,l,ai
パラティネート,,l,ai
エセリアル,,l,ai
インタンジブル,,l,ai
インスクリュタブル,,l,ai
レスプレンデント,,l,ai
グロリアス,,l,ai
ラディアント,,l,ai
スプレンダラス,,l,ai
ユニーク,,l,ai
バウンドレス,,l,ai
エンドレス,,l,ai
インフィニット,,l,ai
アンシンカブル,,l,ai
アルティメット,,l,ai
ターミナル,,l,ai
オプティマム,,l,ai
スーペルラティブ,,l,ai
スプリーム,,l,ai
ウィンターミュート,,l,ai
ゴーストホイール,,l,ai
クセルクセス,,l,ai
シャーキー,"m, f",f,pirate
ヘックス,,l,pirate
ファイブエース,,l,pirate
ボーンズ,"m, f",f,pirate
スカル,m,f,pirate
クロスボーンズ,,l,pirate
プランダー,,l,pirate
レイジ,"m, f",f,pirate
マサカー,"m, f",l,pirate
フューリアス,,l,pirate
ラドリーク,,f,pirate
ロッテン,,l,pirate
グロウイング,"m, f",f,pirate
ゴールド,,l,pirate
エアロック,"m, f",f,pirate
トリガーフィンガー,"m, f",f,pirate
脱出ポッド,"m, f",f,pirate
イッチー,"m, f",f,pirate
ブッチャー,"m, f",f,pirate
レイガン,"m, f",f,pirate
ノー・プリズナーズ,,l,pirate
ラスティ,"m, f",f,pirate
ブラッド,"m, f",f,pirate
ハイジャック,"m, f",f,pirate
放射線,"m, f",f,pirate
ボンバー,"m, f",f,pirate
ノー・クレジット,,l,pirate
反物質,"m, f",f,pirate
ジョリー,"m, f",f,pirate
フォーラー,,l,pirate
ダンサー,"m, f",f,pirate
グリフター,"m, f",f,pirate
ハイバURN,"m, f",f,pirate
マスターブラスター,,l,pirate
ジャンプ,"m, f",f,pirate
ジャンパー,,l,pirate
アンブッシュ,"m, f",f,pirate
ガンストリート,"m, f",f,pirate
サボ,"m, f",f,pirate
スローターハウス,"m, f",f,pirate
ソコール,m,f,pirate
マリエッタ,f,f,pirate
ケニット,m,f,pirate
マッドネス,,l,pirate
ウルトラガンマ,"m,f",f,pirate
ブラッドワイン,,l,pirate
コールドウィンド,,l,pirate
ボンバード,m,f,pirate
サンライズ,,l,pirate
チャーミング,,l,pirate
モーディット,,l,pirate
ターン,,l,pirate
ブラックゴート,,l,pirate
ボレー,,l,pirate
サルボ,,l,pirate
ブリッツ,m,f,pirate
クーノ,m,f,pirate
クーノエッセ,f,f,pirate
シェルビー,,l,pirate
アムラ,f,f,pirate
ポム,f,f,pirate
ラックハム,,l,pirate
シャム,m,f,pirate
ナフィ,f,f,pirate
モッカー,,l,pirate
シュローク,,l,pirate
ラスク,,l,pirate
カッター,m,f,pirate
スニップ,f,f,pirate
スラッシュ,f,f,pirate
シロッコ,,l,"pirate, future"
クラッシュブロッサム,,l,pirate
シュラプネル,"m, f",f,pirate
ジグザグ,"m, f",f,pirate
フラットライン,,l,pirate
オートマティック,m,f,pirate
ミリオンズ,,l,pirate
マグネティック,f,f,"pirate, future"
アンチグラブ,,l,pirate
スクリューフロス,,l,pirate
ティスビー,f,"f, l","future, myth"
テミス,f,"f, l","future, myth"
サイケ,f,"f, l","future, myth"
ユーノミア,f,"f, l","future, myth"
ディスノミア,f,"f, l","myth, pirate"
ヒュギエイア,f,"f, l","future, myth"
エレクトラ,f,"f, l","future, myth"
ヘーベ,f,"f, l","future, myth"
ピラマス,m,"f, l","future, myth"
クレオパトラ,f,"f, l","future, myth"
ウラニア,f,"f, l","future, myth"
ヘクター,m,"f, l","future, myth"
イトカワ,,l,"future, world"
キュグ,,l,"future, myth"
エウラリア,f,"f, l","future, myth"
ポラナ,,l,"future, world"
マンタロ,,l,"future, world"
タンボ,,l,"future, world"
ケルレン,,l,future
ヴォルガ,f,"f, l",future
チャーム,f,"f, l",future
カラーズ,,l,future
トゥングスタ,,l,future
コリマ,,l,future
シャイア,,l,luddic
オリノコ,,l,future
メコン,,l,future
ネヴァ,f,"f, l",future
アサバスカ,,l,future
オームストン,,l,"world, future"
カラン,,l,"world, future"
アボンモア,,l,old english
ゼック,m,f,"fringe, future"
ウィニスク,,l,world
マタワク,,l,world
スプルース,,l,luddic
ナイフ,"m, f","f, l",pirate
オシェラガ,,l,"world, future"
ロリミエ,,l,world
モンカルム,,l,world
ラヴァル,,l,future
サグネイ,,l,future
シュトルーヴェ,,l,world
アケルナール,,l,future
アクルクス,,l,future
アルビレオ,,l,future
アルデバラン,,l,future
アルゴル,,l,future
アリオト,,l,future
アリエティス,,l,future
ヘルクレス,,l,future
ベテルギウス,,l,future
アンタレス,,l,future
アルドラ,,l,future
アルタイル,m,"f, l",future
カストル,,l,future
サイグナス,,l,future
カペラ,,l,future
カノープス,,l,future
ハマル,,l,future
ケフェウス,,l,future
フォーマルハウト,,l,future
ティーガーデン,,l,future
メイサ,,l,future
ミンタカ,,l,future
ミザール,,l,future
ミラッハ,,l,future
ミラ,f,f,world
ミール,"m, f",f,world
ポラリス,,l,future
レグルス,,l,future
リゲル,,l,future
ライラ,,l,future
サイフ,,l,future
スピカ,,l,future
クイラル,,l,world
オヨン,,l,world
アカマル,,l,future
アルコル,,l,future
アルキオネ,,l,future
アルデラミン,,l,future
イェド,,l,future
ウェゼン,,l,future
ワサト,,l,future
イルドゥン,,l,future
ザニア,,l,"future, world"
ザウラク,,l,"future, world"
ザビジャバ,,l,future
ウヌク,,l,"future, world"
ティル,,l,future
テレベラム,,l,future
テグメン,,l,future
タイグルタ,,l,future
タラゼット,,l,future
セプトラム,,l,future
レゴル,,l,"future, world"
ラナ,,l,future
プレイオネ,,l,future
ヌンキ,,l,future
ナッカー,,l,future
ナシラ,,l,future
ナオス,,l,future
マイア,,l,future
マタール,,l,future
ルシダ,f,"f, l",future
レサス,,l,future
クソラ,,l,future
クマ,"m,f",f,world
コカブ,,l,future
ケイド,,l,future
カジャム,,l,future
ソラヤ,f,f,world
ジャバ,,l,future
ヒアダム,,l,future
ホーマン,,l,"world, future"
ヘゼ,,l,future
ヘカ,m,"f, l","myth, future"
ハッサレ,,l,future
ハルダス,,l,future
ハダル,,l,future
ハディル,,l,future
ガトリア,,l,future
ギエディ,,l,future
ギエンナ,,l,future
ホメイサ,,l,future
グラフィアス,,l,future
ゴルゴネア,,l,future
テルティア,f,f,future
スライグロッグ,,l,pirate
スピネーカー,,l,pirate
ラフ,"m,f",f,pirate
クルー,"m,f",f,pirate
ジブ,"m,f",f,pirate
ハリヤード,,l,pirate
ザブラ,,l,pirate
ユロ,,l,pirate
ヨー,"m,f",l,"future, pirate"
ワーム,m,f,pirate
ウェリー,,l,pirate
ボイオル,,l,"future, pirate"
トムキン,,l,pirate
スウィープ,,l,pirate
スニー,m,f,pirate
ストレイク,,l,pirate
スプリグ,"m,f",f,pirate
スパレ,,l,pirate
タファレル,,l,pirate
スケグ,"m,f",f,pirate
スカトル,,l,pirate
スカッパー,,l,pirate
サーヴ,,l,pirate
ラン,"m,f",f,pirate
リゴル,,l,pirate
リグ,"m,f",f,pirate
クォイン,,l,pirate
プライズ,,l,pirate
オーロップ,,l,pirate
ケベル,,l,pirate
フリッチ,,l,pirate
カスカベル,,l,pirate
カーリング,,l,pirate
ガーデナー,,l,"old english, luddic"
アークライト,,l,"old english, luddic"
ラティマー,,l,"old english, luddic"
ラスター,,l,"old english, luddic"
ボルト,,l,"old english, luddic"
ブレイザー,,l,"old english, luddic"
バックラー,,l,"old english, luddic"
ペインター,,l,"old english, luddic"
カーダー,,l,"old english, luddic"
カトラー,,l,"old english, luddic"
ローパー,,l,"old english, luddic"
ソルター,,l,"old english, luddic"
シュライバー,,l,"old english, luddic"
シックスミス,,l,"old english, luddic"
ソーパー,,l,"old english, luddic"
ストリンガー,,l,"old english, luddic"
スレッドゴールド,,l,"old english, luddic"
ハロワー,,l,"old english, luddic"
ラリマー,,l,"old english, luddic"
ボロザン,,l,"world, luddic"
ボンダー,,l,"world, luddic"
チョバン,,l,"world, luddic"
チャヤット,,l,"world, luddic"
ビル,,l,"world, luddic"
シャルボニエ,,l,"world, luddic"
プレファブリエ,,l,future
モデュリエ,,l,future
バスマタリー,,l,"world, luddic"
カルネラ,,l,"world, luddic"
バンドラー,,l,"world, luddic"
カルデローネ,,l,"world, luddic"
デュボワ,,l,world
ピナール,,l,world
ミロン,,l,world
ジュノー,f,"f, l",world
ヴァルヴァー,,l,future
タービニア,,l,future
ペリジー,,l,future
アポジー,,l,future
ゴヴェダリカ,,l,world
カトナ,,l,world
カツァヴ,,l,world
ハファー,,l,world
コーラー,,l,world
ジャウンズェメ,,l,world
ルーパー,,l,world
マラゴス,,l,world
マサリク,,l,world
クーベル,,l,world
メラミド,,l,world
メルシエ,,l,world
ラホティ,,l,world
ラカトシュ,,l,world
コラロフ,,l,world
モサハリー,,l,world
ネヘル,,l,world
クエメナー,,l,world
クイック,,l,"world, pirate"
カディール,,l,world
ケサダ,,l,world
チァオ,,l,world
クエイド,,l,world
カシム,,l,world
クエイル,,l,luddic
ク,,l,world
クインラン,,l,world
オラル,,l,world
オスタ,,l,world
オロロガス,,l,world
ペカール,,l,world
ペルトネン,,l,world
セージ,,l,luddic
アニス,f,f,luddic
シャーヴィル,,l,luddic
チャイブ,,l,luddic
クローブ,,l,luddic
フェンネル,,l,luddic
ガランガル,,l,luddic
ジュニパー,,l,luddic
メイス,,l,luddic
ペッパー,,l,luddic
ローズマリー,f,f,"luddic, old english"
セイボリー,,l,luddic
ソレル,,l,luddic
スーマック,,l,luddic
タラゴン,,l,luddic
タイム,,l,luddic
ウィンターグリーン,,l,luddic
サマーブルー,,l,luddic
ソルガム,,l,luddic
大麦,,l,luddic
ライ麦,,l,luddic
テフ,,l,luddic
フラックス,,l,luddic
ヤロウ,m,f,luddic
バードック,,l,luddic
マリゴールド,f,f,luddic
チャパラル,,l,luddic
クレス,,l,luddic
タンザー,,l,world
ソルティス,,l,world
ジンドラー,,l,world
ジダル,,l,world
