id,name,faction,desc,script,icon,order
open_market,"オープン
マーケット",,"オープンマーケット。ここでは合法的な商品しか取引できず、取引には関税がかかります。安定性が高いと、より多くの商品が入手可能です。

商品を十分に販売することで、一時的に不足を解消できます。",com.fs.starfarer.api.impl.campaign.submarkets.OpenMarketPlugin,,0
black_market,"ブラック
マーケット",pirates,"ブラックマーケット。あらゆるものが売買でき、関税はありません。安定性が低いと、より多くの商品が入手可能です。

商品を十分に販売することで、一時的に不足を解消できます。

ブラックマーケットの取引は当局の目を引く可能性があり、貨物検査や派閥の評価が低下することがあります。ただし、トランスポンダーをオフにして取引を行う場合は除きます。

「カバー」として合法的な取引を行うことも、当局の注意を引く可能性を減少させます。",com.fs.starfarer.api.impl.campaign.submarkets.BlackMarketPlugin,graphics/factions/black_market.png,999
storage,ストレージ,player,船舶と貨物のためのストレージスペース。,com.fs.starfarer.api.impl.campaign.submarkets.StoragePlugin,graphics/factions/storage.png,1000
generic_military,,,"$theFactionの軍事基地との取引。

武器やその他の軍事機器は、オープンマーケットで違法であってもここで売買できます。手数料と$theFactionとの良好な関係により、より高品質な機器が入手可能になります。

地元で違法な商品を、質問なしの買い戻しプログラムの一環として購入します。

商品を十分に販売することで、一時的に不足を解消できます。",com.fs.starfarer.api.impl.campaign.submarkets.MilitarySubmarketPlugin,,100
local_resources,"資源
備蓄",,,com.fs.starfarer.api.impl.campaign.submarkets.LocalResourcesSubmarketPlugin,,200
