name,id,tier,rarity,base value,range,damage/second,damage/shot,emp,impact,turn rate,OPs,ammo,ammo/sec,reload size,type,energy/shot,energy/second,chargeup,chargedown,burst size,burst delay,min spread,max spread,spread/shot,spread decay/sec,beam speed,proj speed,launch speed,flight time,proj hitpoints,autofireAccBonus,extraArcForAI,hints,tags,groupTag,tech/manufacturer,for weapon tooltip>>,primaryRoleStr,speedStr,trackingStr,turnRateStr,accuracyStr,customPrimary,customPrimaryHL,customAncillary,customAncillaryHL,noDPSInTooltip,number
ライトマシンガン,lightmg,0,,100,300,,25,,1,50,3,,,,KINETIC,3,,0,0.4,5,0.1,0,5,1,15,,600,,,10,,,PD,"pd6, kinetic3, SR, base_bp, ind",,,,Point Defense,,,,,,,,,,0.5
ライトデュアルマシンガン,lightdualmg,2,,400,300,,25,,1,50,5,,,,KINETIC,3,,0,0.2,5,0.1,0,5,1,15,,600,,,10,,,PD,"pd7, kinetic4, SR, lowtech_bp, merc, ind",,,,Point Defense,,,,,,,,,,0.7
ライトモーター,lightmortar,0,,75,600,,75,,4,30,2,,,,HIGH_EXPLOSIVE,50,,0,1,1,,0,15,3,10,,500,,,10,,,,"he6, base_bp, ind",,,,Anti Armor,,,,,,,,,,0.75
#ライトモーター（高遅延、戦闘機）,lightmortar_fighter,0,,75,400,,75,,4,30,2,,,,HIGH_EXPLOSIVE,50,,0,2,1,,0,15,3,10,,500,,,10,,,SYSTEM,"he6, show_in_codex",,,,Anti Armor (Fighter),,,,,,,,,,0.8
バルカン砲,vulcan,1,,200,250,,25,,1,75,4,,,,FRAGMENTATION,1,,0,0.05,1,,0,15,1,15,,800,,,10,,,PD,"pd7, SR, lowtech_bp, merc, ind",,,,Point Defense,,,,,,,,,,1
ライトオートキャノン,lightac,0,,125,700,,50,,3,20,4,,,,KINETIC,40,,0,0.5,1,,0,8,2,15,,800,,,20,,,,"kinetic6, base_bp, ind",,,,Anti Shield,,,,,,,,,,2
ライトデュアルオートキャノン,lightdualac,1,,300,600,,50,,3,20,5,,,,KINETIC,40,,0,0.6,2,0.1,0,20,3,9,,800,,,20,,,,"kinetic7, lowtech_bp, midline_bp, merc, ind",,,,Anti Shield,,,,,,,,,,2.5
ライトアサルトガン,lightag,1,,300,700,,40,,3,40,5,,,,HIGH_EXPLOSIVE,40,,0,0.25,1,,0,5,1,5,,800,,,30,,,,"he6, lowtech_bp, midline_bp, merc, ind",,,,Anti Armor,,,,,,,,,,3
スティンガークラス接近地雷（戦闘機）,fragbomb,0,,100,500,,500,,10,0,1,2,0.1,,FRAGMENTATION,0,,0,1,1,,0,0,0,0,,50,20,7,150,,,"DO_NOT_AIM, ANTI_FTR, PD_ONLY, SYSTEM","he0, show_in_codex",,,,Anti Fighter (Fighter),,,,,,,,,TRUE,3.2
クラスター爆弾ベイ,clusterbomb,2,,350,1500,,300,,30,15,5,30,,,HIGH_EXPLOSIVE,0,,0,2,5,0.1,0,0,0,0,,20,20,60,75,,,"STRIKE,SYSTEM",he0,,,,Strike,,,,,,,,,TRUE,3.4
スタンダード爆弾ベイ,bomb,1,,200,2000,,400,,50,15,4,10,,,HIGH_EXPLOSIVE,0,,0,0.67,1,,20,20,0,0,,170,20,25,150,,,"STRIKE, BOMB","he0, no_sell, no_drop, no_drop_salvage",,,,Strike,,,,,,,,,TRUE,3.5
ライトニードラー,lightneedler,3,0.3,800,700,,50,,1,20,8,,,,KINETIC,40,,0,4.3,15,0.05,0,10,0.66,5,,1200,,,10,,,,"kinetic9, LR, remnant, rare_bp, hist1t, merc, ind",,,,Anti Shield,,,,,,,,,,3.65
レールガン,railgun,2,0.5,600,700,,100,,10,30,7,,,,KINETIC,90,,0.6,0,1,,,,,,,1000,,,50,,,,"kinetic8, LR, remnant, rare_bp, hist1t, merc, ind",,,,Anti Shield,,,,,,,,,,3.75
サンプラー,shredder,0,,700,700,,100,,1,25,7,60,5,20,FRAGMENTATION,25,,0,0.55,20,0.05,0,7,1,20,,800,,,30,,,,"kinetic8, base_bp, ind",,,,General,,,,,,,,,,3.8
ヘビーマシンガン,heavymg,2,,1200,450,,40,,3,40,10,,,,KINETIC,15,,0,0.2,4,0.1,0,5,1,15,,700,,,30,,,"PD,PD_ALSO","kinetic11, pd10, SR, midline_bp, merc, ind",,,,Point Defense,,,,,,,,,,3.85
ヘビーモーター,heavymortar,0,,600,700,,110,,12,30,7,,,,HIGH_EXPLOSIVE,90,,0,0.7,2,0.3,0,20,5,5,,500,,,30,,,,"he11, base_bp, merc, ind",,,,Anti Armor,,,,,,,,,,3.9
フラック砲,flak,1,,1000,500,,200,,10,40,8,,,,FRAGMENTATION,50,,0,1,1,,0,10,2,10,,700,,,30,,,PD,"pd13, SR, lowtech_bp, merc, ind",,,,Point Defense (Area),,,,,,,,,,4
アルバレストオートキャノン,arbalest,0,,800,700,,200,,10,12,8,,,,KINETIC,150,,0,1.2,1,,0,15,5,10,,800,,,30,,,,"kinetic12, base_bp, ind",,,,Anti Shield,,,,,,,,,,4.125
デュアルフラック砲,dualflak,2,,1400,400,,150,,10,60,12,,,,FRAGMENTATION,50,,0,0.333333,1,,0,10,2,10,,700,,,30,,,PD,"pd15, SR, remnant, rare_bp, merc, ind",,,,Point Defense (Area),,,,,,,,,,4.25
アサルトチェインガン,chaingun,1,,1000,450,,75,,3,30,10,,,,HIGH_EXPLOSIVE,60,,0,0.15,1,,0,20,1,10,,800,,,30,,,,"he15, SR, lowtech_bp, midline_bp, merc, ind",,,,Anti Armor,,,,,,,,,,4.5
ヘビーマウラー,heavymauler,3,0.3,2000,1000,,200,,10,20,12,,,,HIGH_EXPLOSIVE,200,,0,4.4,3,0.3,0,5,1,10,,900,,,30,,,,"he16, LR, remnant, rare_bp, merc, ind",,,,Anti Armor,,,,,,,,,,4.75
ヘビーオートキャノン,heavyac,1,,1000,800,,100,,10,7,10,,,,KINETIC,90,,0,1,3,0.2,0,18,3,10,,800,,,30,,,,"kinetic14, lowtech_bp, merc, ind",,,,Anti Shield,,,,,,,,,,5
ハイパーボルテージドライバー,hveldriver,3,0.3,2250,1000,,275,400,40,10,13,,,,KINETIC,350,,0,2,1,,,,,,,1000,,,300,,,,"kinetic15, LR, remnant, rare_bp, merc, ind",,,,Anti Shield,,,,,,,,,,5.5
ヘビーニードラー,heavyneedler,3,0.3,2500,700,,50,,1,15,15,,,,KINETIC,40,,0,4.55,30,0.05,1,10,0.5,5,,1200,,,10,,,,"kinetic15, remnant, rare_bp, hist1t, merc, ind",,,,Anti Shield,,,,,,,,,,5.75
ガウス砲,gauss,3,,5000,1200,,700,,300,3,25,,,,KINETIC,1200,,1,1,,,,,,,,1200,,,400,,,,"kinetic20, LR, remnant, rare_bp, hist1t, merc, ind",,,,Anti Shield,,,,,,,,,,6
ヘファイストスアサルトガン,hephag,1,,4000,900,,120,,5,20,20,,,,HIGH_EXPLOSIVE,110,,0,0.25,1,,0,5,1,5,,800,,,50,,,,"he18, lowtech_bp, midline_bp, merc, ind",,,,Anti Armor,,,,,,,,,,7
マークIXオートキャノン,mark9,0,,3000,900,,200,,20,10,18,,,,KINETIC,200,,0,2,4,0.1,0,15,2,10,,800,,,100,,,,"kinetic18, base_bp, merc, ind",,,,Anti Shield,,,,,,,,,,7.25
デバステーターキャノン,devastator,1,,3500,900,,150,,40,12,20,,,,HIGH_EXPLOSIVE,75,,0,2,12,0.1,5,30,5,5,,700,,,100,,,"PD,PD_ALSO","he16, pd17, lowtech_bp, merc, ind",,,,Anti Fighter (Area),,,,,"Each shell has a fuse set to explode at a random distance, resulting in a barrage that's increasingly more deadly at closer ranges.

Will target missiles if no other targets are in range.",,,,,7.4
ミョルニルキャノン,mjolnir,2,0.4,6000,900,,400,200,10,25,24,,,,ENERGY,500,,0,0.75,1,,0,5,1,10,,900,,,75,,,,"energy18, he17, kinetic17, remnant, rare_bp, hist1t, merc, ind",,,,General,,,,,,,,,,7.5
ヘルボアキャノン,hellbore,0,,3000,900,,750,,200,5,16,,,,HIGH_EXPLOSIVE,750,,0,3,1,,0,10,5,10,,500,,,400,,,,"he18, lowtech_bp, merc, ind",,,,Anti Armor,,,,,,,,,,8
ストームニードラー,multineedler,3,0.4,6500,700,,50,,20,15,28,60,10,30,KINETIC,35,,0,0.05,1,,0,5,0.25,5,,1200,,,20,,,,"kinetic19, remnant, rare_bp, hist1t, merc, ind",,,,Anti Shield,,,,,,,,,,8.5
リーパー級魚雷,reaper,1,,200,1200,,4000,,75,10,2,1,,,HIGH_EXPLOSIVE,0,,0,5,1,,0,0,0,0,,400,100,3.5,500,,,STRIKE,"strike8, rocket3, missile_bp, merc, ind",,,,Torpedo,Fast,None,,,,,,,TRUE,9
アトロポス級魚雷ラック,atropos,2,0.5,600,1200,,1000,,40,10,3,2,,,HIGH_EXPLOSIVE,0,,0,1,1,,0,0,0,0,,400,150,4,300,,,GUIDED_POOR,"strike9, missile1, missile_bp, merc, ind, reload_3pt",,,,Torpedo,Fast,Good,,,,,,,TRUE,9.5
アトロポス級魚雷（シングル）,atropos_single,2,0.5,300,1200,,1000,,40,10,1,1,,,HIGH_EXPLOSIVE,0,,0,1,1,,0,0,0,0,,400,150,4,300,,,GUIDED_POOR,"strike7, missile0, base_bp, ind, reload_1_and_a_half_pt",,,,Torpedo,Fast,Good,,,,,,,TRUE,9.75
ハンマー級魚雷,hammer,0,,150,1200,,1500,,30,10,2,2,,,HIGH_EXPLOSIVE,0,,0,1,1,,0,0,0,0,,500,40,4,350,,,STRIKE,"strike6, rocket2, base_bp, ind",,,,Torpedo,Fast,None,,,,,,,TRUE,9.8
ハンマー級魚雷（シングル）,hammer_single,0,,75,1200,,1500,,30,10,1,1,,,HIGH_EXPLOSIVE,0,,0,1,1,,0,0,0,0,,500,40,4,350,,,STRIKE,"strike5, rocket1, base_bp, ind",,,,Torpedo,Fast,None,,,,,,,TRUE,9.9
スウォーマーSRMランチャー,swarmer,1,,250,1000,,100,,15,50,3,80,,,HIGH_EXPLOSIVE,0,,0,5,4,0.2,0,0,0,0,,300,100,5,50,,,"ANTI_FTR, DO_NOT_AIM, DO_NOT_CONSERVE","utility8, missile0, missile_bp, merc, ind",,,,Anti Small Craft,Fast,Excellent,,,,,,,,10
スウォーマーSRMランチャー（戦闘機）,swarmer_fighter,1,,250,1000,,100,,5,50,4,2,0.075,,HIGH_EXPLOSIVE,0,,0,5,2,0.2,0,0,0,0,,300,100,5,50,,,"ANTI_FTR, DO_NOT_AIM, SYSTEM,DO_NOT_CONSERVE","utility8, missile0, show_in_codex",,,,Anti Small Craft (Fighter),Fast,Excellent,,,,,,,,10
アナイアレーター・ロケットランチャー,annihilator,0,,150,1500,,200,,5,30,4,50,,,HIGH_EXPLOSIVE,0,,0,5,5,0.2,0,0,0,0,,400,50,3.75,50,,,CONSERVE_1,"rocket7, strike0, missile_bp, merc, ind",,,,Anti Armor,Fast,None,,,,,,,,11
アナイアレーター・ロケットポッド（戦闘機）,annihilator_fighter,0,,150,1500,,200,,5,30,4,5,,,HIGH_EXPLOSIVE,0,,0,0.1,1,,0,30,15,10,,400,50,3.75,50,,,SYSTEM,"rocket13, strike8, show_in_codex",,,,Anti Armor (Fighter),Fast,None,,,,,,,,11.1
サラマンダーMRM,heatseeker,1,,225,2000,,100,1500,15,30,3,,,,FRAGMENTATION,0,,0,25,1,,0,0,0,,,400,50,15,150,,,"DO_NOT_AIM, HEATSEEKER","utility13, missile0, missile_bp, merc, ind",,,,Anti Engine,Fast,Excellent,,,,,,,TRUE,11.25
ハープーンMRM,harpoon,1,,200,2500,,750,,15,30,4,3,,,HIGH_EXPLOSIVE,0,,0,1,1,,0,0,0,,,300,100,12.5,150,,,DO_NOT_AIM,"missile8, strike3, missile_bp, merc, ind",,,,Finisher,Medium,Medium,,,,,,,TRUE,11.5
ハープーンMRM（ダブル）,harpoon_single,0,,100,2500,,750,,15,30,2,2,,,HIGH_EXPLOSIVE,0,,0,10,1,,0,0,0,,,300,100,12.5,150,,,DO_NOT_AIM,"missile6, strike1, base_bp, ind",,,,Finisher,Medium,Medium,,,,,,,TRUE,11.6125
ブリーチSRM,breach,1,,200,1500,,150,,15,10,3,15,,,HIGH_EXPLOSIVE,0,,0,9,3,0.5,0,0,0,,,400,50,5,450,,,"DO_NOT_AIM, CONSERVE_ALL, CONSERVE_FOR_ANTI_ARMOR, DIRECT_AIM, MISSILE_SPREAD","missile7, base_bp, merc, ind",,,,Anti Armor,Fast,Good,,,Each missile deals an additional %s damage to armor. This damage is not reduced by armor.,250,,,TRUE,11.7
サボットSRM,sabot,1,,200,1200,,100,,15,30,4,3,,,KINETIC,0,,0,1,1,,0,0,0,0,,150,50,8,300,,,GUIDED_POOR,"missile8, strike2, missile_bp, merc, ind",,,,Anti Shield,Slow,Poor,,,"Submunition hits on hull or armor have a %s chance to arc to weapons and engines, dealing %s EMP damage.",25% | 200,,,TRUE,11.75
サボットSRM（ダブル）,sabot_single,0,,100,1200,,100,,15,30,2,2,,,KINETIC,0,,0,10,1,,0,0,0,0,,150,50,8,300,,,GUIDED_POOR,"missile6, strike0, base_bp, ind",,,,Anti Shield,Slow,Poor,,,"Submunition hits on hull or armor have a %s chance to arc to weapons and engines, dealing %s EMP damage.",25% | 200,,,TRUE,11.85
サボットSRM（単発、戦闘機）,sabot_fighter,0,,100,1200,,100,,15,30,1,1,,,KINETIC,0,,0,1,1,,0,0,0,0,,150,50,8,300,,,"GUIDED_POOR, SYSTEM","missile6, strike0, show_in_codex",,,,Anti Shield (Fighter),Slow,Poor,,,"Submunition hits on hull or armor have a %s chance to arc to weapons and engines, dealing %s EMP damage.",25% | 200,,,TRUE,11.85
ゴルゴンDEM SRM,gorgon,1,,250,1500,,800,,15,30,4,4,,,ENERGY,0,,0,4,1,,0,0,0,0,,300,75,6,250,,,DO_NOT_AIM,"missile8, strike4, merc, rare_bp, damage_special, damage_soft_flux",,,,Assault / Finisher,Medium,Good,,,"The missile fires a high-powered laser when it gets near the target, dealing approximately %s energy damage in a short burst. This damage is affected by missile damage modifiers and not energy weapon ones.",800,,,TRUE,11.9
    ゴルゴン - ペイロード,gorgon_payload,1,,0,700,800,,,,30,0,,,,ENERGY,0,,0.05,0.25,0.9,0.5,,,,,1000000,,,,,,,"SYSTEM, DANGEROUS",fires_one_burst,,,,,,,,,,,,,,11.91
ゲイザーDEM SRM,gazer,2,,250,1200,,200,,15,30,4,6,,,KINETIC,0,,0,15,1,,0,0,0,0,,150,25,5,250,,,DO_NOT_AIM,"missile6, merc, rare_bp, damage_special, damage_soft_flux",,,,Suppression,Slow,Good,,,"The missile fires a graviton beam at the target, dealing approximately %s kinetic damage over the course of %s seconds. This damage is affected by missile damage modifiers and not energy weapon ones.",1000 | 10,,,TRUE,11.94
    ゲイザー - ペイロード,gazer_payload,2,,0,1000,100,,,20,30,0,,,,KINETIC,0,,0.1,0.1,10,0.5,,,,,2400,,,,,,,SYSTEM,,,,,,,,,,,,,,,11.95
ハープーンMRMポッド,harpoonpod,1,,1200,2500,,750,,15,10,10,12,,,HIGH_EXPLOSIVE,0,,0,8.25,4,0.25,0,0,0,,,300,100,12.5,150,,,DO_NOT_AIM,"missile12, strike9, missile_bp, merc, ind",,,,Finisher,Medium,Medium,,,,,,,TRUE,12
ドラゴンファイアDEM魚雷,dragon,2,,2000,2000,,4000,,15,20,10,2,,,ENERGY,0,,0,10,1,,0,0,0,0,,150,0,12.5,600,,,"DO_NOT_AIM, STRIKE","strike8, missile3, merc, rare_bp, damage_special, damage_soft_flux",,,,Torpedo,Slow,Good,,,"The missile fires a high-powered laser when it gets near the target, dealing approximately %s energy damage in a short burst. This damage is affected by missile damage modifiers and not energy weapon ones.",4000,,,TRUE,12.11
    ドラゴンファイア - ペイロード,dragon_payload,2,,0,1000,8000,,,,20,0,,,,ENERGY,0,,0,0.75,0.25,0.5,,,,,1000000,,,,,,,"SYSTEM, DANGEROUS",fires_one_burst,,,,,,,,,,,,,,12.12
ゴルゴンSRMポッド,gorgonpod,1,,1300,1500,,800,,15,10,10,16,,,ENERGY,0,,0,9.5,2,0.5,0,0,0,0,,300,75,6,250,,,DO_NOT_AIM,"missile12, strike9, merc, rare_bp, damage_special, damage_soft_flux",,,,Assault / Finisher,Medium,Good,,,"Each missile fires a high-powered laser when it gets near the target, dealing approximately %s energy damage in a short burst. This damage is affected by missile damage modifiers and not energy weapon ones.",800,,,TRUE,12.2
ゲイザーSRMポッド,gazerpod,2,,1300,1200,,200,,15,10,9,18,,,KINETIC,0,,0,14.5,2,0.5,0,0,0,0,,150,25,5,250,,,DO_NOT_AIM,"missile12, merc, rare_bp, damage_special, damage_soft_flux",,,,Suppression,Slow,Good,,,"Each missile fires a graviton beam at the target, dealing approximately %s kinetic damage over the course of %s seconds. This damage is affected by missile damage modifiers and not energy weapon ones.",1000 | 10,,,TRUE,12.21
ブリーチSRMポッド,breachpod,1,,1200,1500,,150,,15,10,10,50,,,HIGH_EXPLOSIVE,0,,0,9,5,0.25,0,0,0,,,400,50,5,450,,,"DO_NOT_AIM, CONSERVE_ALL, CONSERVE_FOR_ANTI_ARMOR, DIRECT_AIM, MISSILE_SPREAD","missile13, rare_bp, merc, ind",,,,Anti Armor,Fast,Good,,,Each missile deals an additional %s damage to armor. This damage is not reduced by armor.,250,,,TRUE,12.25
サボットSRMポッド,sabotpod,1,,1200,1200,,100,,15,10,10,12,,,KINETIC,0,,0,8.75,2,0.25,0,0,0,0,,150,50,8,300,,,GUIDED_POOR,"missile13, strike8, rare_bp, merc, ind",,,,Anti Shield,Slow,Poor,,,"Submunition hits on hull or armor have a %s chance to arc to weapons and engines, dealing %s EMP damage.",25% | 200,,,TRUE,12.31
サラマンダーMRMポッド,salamanderpod,1,,1200,2000,,100,1500,15,10,6,,,,FRAGMENTATION,0,,0,25,2,0.25,0,0,0,,,400,50,15,150,,,"DO_NOT_AIM, HEATSEEKER","utility13, missile_bp, merc, ind",,,,Anti Engine,Fast,Excellent,,,,,,,TRUE,12.32
アナイアレーター・ロケットポッド,annihilatorpod,0,,1200,1500,,200,,5,30,10,100,,,HIGH_EXPLOSIVE,0,,0,0.5,1,,0,0,0,0,,400,50,3.75,50,,,,"rocket13, strike8, missile_bp, merc, ind",,,,Pressure,Fast,None,,,,,,,,12.33
ピルムLRMランチャー,pilum,0,,900,4000,,500,500,25,10,7,30,0.1,,FRAGMENTATION,0,,0,15,3,0.4,0,0,0,0,,125,100,30,150,,,"DO_NOT_AIM, CONSERVE_1","utility13, missile7, missile_bp, merc, ind",,,,Long Range Support,Very Slow,Very Poor,,,"Second-stage hits on shields have a chance to arc through to weapons and engines, dealing %s EMP damage. The chance to pierce the shields is based on the target's hard flux level.",500,,,,12.5
近接爆薬ランチャー,phasecl,2,,1500,1000,,500,,25,30,12,50,,,HIGH_EXPLOSIVE,0,,0,2,1,,20,20,0,0,,100,400,4,500,,,ANTI_FTR,"utility8, rare_bp, merc, ind",,,,Pressure / Anti Fighter,Very Slow,None,,,"Not affected by missile speed, acceleration, and flight time modifiers.",,,,TRUE,13
近接爆薬ランチャー（戦闘機）,phasecl_bomber,2,,1500,2000,,500,,25,30,12,6,,,HIGH_EXPLOSIVE,0,,0,1.5,1,,0,0,0,0,,100,200,12,500,,,"SYSTEM,STRIKE,BOMB","utility8, show_in_codex",,,,Strike (Fighter),Very Slow,None,,,,,,,TRUE,13.5
ジャックハンマー,jackhammer,0,,1000,1200,,1500,,30,20,6,6,,,HIGH_EXPLOSIVE,0,,0,9.5,3,0.25,10,10,0,0,,500,40,4,350,,,STRIKE,"strike10, rocket5, ind, missile_bp, merc",,,,Torpedo,Fast,None,,,,,,,TRUE,13.75
タイフーン・リーパー・ランチャー,typhoon,1,,1200,1200,,4000,,75,20,10,6,,,HIGH_EXPLOSIVE,0,,0,15,1,,0,0,0,0,,400,100,3.5,500,,,STRIKE,"strike13, rocket8, missile_bp, merc, ind",,,,Torpedo,Fast,None,,,,,,,TRUE,14
サイクロン・リーパー・ランチャー,cyclone,2,,5000,1200,,4000,,75,20,26,14,,,HIGH_EXPLOSIVE,0,,0,14.75,2,0.25,0,0,0,0,,400,400,3.5,500,,,STRIKE,"strike18, rocket14, rare_bp, merc, ind",,,,Torpedo,Fast,None,,,A booster system accelerates the torpedo to its top speed before it leaves the launch tube.,,,,TRUE,15
ピルムLRMカタパルト,pilum_large,1,,1500,4000,,500,500,25,10,14,30,0.33333,6,FRAGMENTATION,0,,0,9,6,0.2,0,0,0,0,,125,200,30,150,,,"DO_NOT_AIM, DO_NOT_CONSERVE","utility15, missile14, rare_bp, merc, ind",,,,Long Range Support,Very Slow,Very Poor,,,"Second-stage hits on shields have a chance to arc through to weapons and engines, dealing %s EMP damage. The chance to pierce the shields is based on the target's hard flux level.",500,,,,15.5
ハリケーンMIRVランチャー,hurricane,1,,4500,2500,,500,,50,10,25,10,,,HIGH_EXPLOSIVE,0,,0,15,1,,0,0,0,0,,250,50,12,350,,,"DO_NOT_AIM, CONSERVE_5","missile18, strike15, rare_bp, hist1t, merc, ind",,,,Finisher,Medium,Good,,,,,,,TRUE,16
ドラゴンファイア・魚雷ポッド,dragonpod,2,,7000,2000,,4000,,15,20,25,5,,,ENERGY,0,,0,15,1,,0,0,0,0,,150,0,12.5,600,,,"DO_NOT_AIM, STRIKE","strike18, missile15, merc, rare_bp, damage_special, damage_soft_flux",,,,Torpedo,Slow,Good,,,"The missile fires a high-powered laser when it gets near the target, dealing approximately %s energy damage in a short burst. This damage is affected by missile damage modifiers and not energy weapon ones.",4000,,,TRUE,16.01
ヒドラMDEMランチャー,hydra,2,,5000,2500,,1500,,50,10,20,15,,,ENERGY,,,0,10,1,,0,0,0,0,,300,75,7,400,,,"DO_NOT_AIM, CONSERVE_5","missile18, strike10, rare_bp, merc, damage_special, damage_soft_flux",,,,General,Medium,Excellent,,,The missile splits into %s submunitions which try to flank the target. Each one then fires a high-powered laser dealing approximately %s energy damage in a short burst. This damage is affected by missile damage modifiers and not energy weapon ones.,6 | 500,,,TRUE,16.05
    ヒドラ - ペイロード,hydra_payload,2,,0,700,500,,,,30,0,,,,ENERGY,0,,0.05,0.25,0.9,0.5,,,,,1000000,,,,,,,SYSTEM,,,,,,,,,,,,,,,16.06
スコールMLRS,squall,2,,4000,2500,,100,,15,20,20,160,,,KINETIC,0,,0,10,20,0.5,0,0,0,0,,600,100,4.75,150,,,"DO_NOT_AIM, CONSERVE_3, STRIKE, USE_VS_FRIGATES, MISSILE_SPREAD","missile19, strike15, rare_bp, merc, ind",,,,Suppression,Very Fast,Special,,,"Unguided after a brief initial aiming stage. When impacting shields, a resonator unit activates to increase the base damage by %s.",150,,,,16.2
ローカストSRMランチャー,locust,1,,4000,1400,,200,,5,30,18,600,,,FRAGMENTATION,0,,0,5,30,0.1,0,0,0,0,,400,100,6,60,,,"ANTI_FTR, DO_NOT_AIM, DO_NOT_CONSERVE","utility18, missile15, rare_bp, hist1t, merc, ind",,,,Anti Small Craft,Fast,Excellent,,,,,,,,16.3
ハンマーバラージ,hammerrack,0,,1250,1200,,1500,,30,10,16,20,,,HIGH_EXPLOSIVE,0,,0,5,4,0.15,0,0,0,0,,500,40,4,350,,,STRIKE,"strike16, rocket14, missile_bp, merc, ind",,,,Torpedo,Fast,None,,,,,,,TRUE,16.4
マイニングレーザー,mininglaser,0,,100,600,30,,,0,80,1,,,,ENERGY,,10,0,0.25,,,,,,,2400,,,,,,,PD,"beam0, energy0, pd0, base_bp, ind",,,,Point Defense,,,,,,,,,,16.5
PDレーザー,pdlaser,1,,200,500,75,,,0,100,3,,,,ENERGY,,40,0,0.25,,,,,,,2400,,,,,,,PD,"pd7, beam7, SR, hightech_bp, midline_bp, merc, ind",,,,Point Defense,,,,,,,,,,17
タクティカルレーザー,taclaser,1,,200,1000,75,,,0,20,4,,,,ENERGY,,60,0.1,0.1,,,,,,,2400,,,,,,,,"beam9, LR, hightech_bp, midline_bp, merc, ind",,,,General,,,,,,,,,,18
イオン砲,ioncannon,2,,500,500,,25,400,0,40,6,,,,ENERGY,30,,0.5,0,,,,,,,,1000,,,,,,,"energy8, hightech_bp, merc, ind",,,,Suppression,,,,,"Hits on hull or armor have a %s chance to arc to weapons and engines, dealing extra damage equal to the original hit.",25%,,,,19
イオン砲（高遅延、戦闘機）,ioncannon_fighter,2,,500,500,,25,400,0,40,6,,,,ENERGY,30,,0.5,0.5,,,,,,,,1000,,,,,,SYSTEM,"energy8, show_in_codex",,,,Suppression (Fighter),,,,,"Hits on hull or armor have a %s chance to arc to weapons and engines, dealing extra damage equal to the original hit.",,,,,19.1
IRパルスレーザー,irpulse,1,,250,500,,50,,0,50,5,,,,ENERGY,40,,0.333333,0,,,,,,,,1000,,,,,,,"energy8, hightech_bp, merc, ind",,,,General,,,,,,,,,,19.25
IRパルスレーザー（高遅延、戦闘機）,irpulse_fighter,1,,250,500,,50,,0,50,5,,,,ENERGY,50,,0.333333,0.333333,,,,,,,,1000,,,,,,SYSTEM,"energy8, show_in_codex",,,,General (Fighter),,,,,,,,,,19.3
LR PDレーザー,lrpdlaser,2,,400,800,50,,,0,100,4,,,,ENERGY,,30,0,0.25,,,,,,,3600,,,,,,,PD,"pd7, beam5, hightech_bp, midline_bp, merc, ind",,,,Point Defense,,,,,,,,,,19.5
バーストPDレーザー,pdburst,2,,600,500,350,,,0,100,6,4,0.5,,ENERGY,,200,0.1,0.1,0.3,0.1,,,,,10000,,,,,,,"PD,ANTI_FTR","pd9, beam6, rare_bp, merc, ind",,,,Point Defense,,,,,,,,,,19.6
バーストPDレーザー（高遅延、戦闘機）,pdburst_fighter,2,,600,500,110,,,0,100,6,4,0.5,,ENERGY,,100,0.1,0.1,0.8,0.1,,,,,10000,,,,,,,"PD,ANTI_FTR,SYSTEM","pd9, beam6, show_in_codex",,,,Point Defense (Fighter),,,,,,,,,,19.7
反物質ブラスター,amblaster,3,0.7,900,400,,1400,,0,30,9,20,,,ENERGY,1500,,0.25,10,,,0,0,0,0,,1000,,,100,,,"STRIKE, USE_VS_FRIGATES, GROUP_ALTERNATING","strike10, rare_bp, hist1t, merc, ind",SR_strike_only,,,Strike,,,,,,,,,,19.75
フェイズランス,phasebeam,1,,1500,600,1000,,,0,20,10,,,,ENERGY,,800,0.25,0.5,1,4,,,,,3200,,,,,,,,"energy14, beam10, rare_bp, merc, ind",,,,General,,,,,,,,,,20
グラビトンビーム,gravitonbeam,2,,1500,1000,100,,,10,15,9,,,,KINETIC,,75,0.1,0.1,,,,,,,2400,,,,,,,,"beam12, kinetic11, LR, hightech_bp, midline_bp, merc, ind",,,,Suppression,,,,,"Disrupts the target's shields, increasing all shield damage taken by %s for one full-power graviton beam, %s for two, and %s for three or more hitting the shields at the same time.",5% | 8% | 10%,Gravitic effects slow and push target off-course. The effect is minor and is most noticeable vs fighters and missiles.,,,21
IRオートランス,irautolance,1,,1200,1000,500,,,0,50,8,40,2,10,FRAGMENTATION,,150,0,0,0.1,0,,,,,1000000,,,,,,,USE_LESS_VS_SHIELDS,"beam12, energy10, rare_bp, merc",,,,General,,,,,,,,,,21.5
パルスレーザー,pulselaser,1,,1200,600,,100,,0,20,10,,,,ENERGY,80,,0.333333,0,,,,,,,,1000,,,,,,,"energy13, base_bp, merc, ind",,,,General,,,,,,,,,,22
マイニングブラスター,miningblaster,0,,1000,500,,200,,0,7,10,4,0.5,,HIGH_EXPLOSIVE,300,,0,0.2,,,,,,,,1000,,,,,,USE_LESS_VS_SHIELDS,"energy12, base_bp, ind",,,,Anti Armor,,,,,Each bolt deals an additional %s damage to armor. This damage is not reduced by armor.,100,,,,22.125
ヘビーブラスター,heavyblaster,2,,2500,600,,500,,0,15,12,,,,ENERGY,720,,0,1,,,,,,,,1000,,,,,,,"energy14, rare_bp, hist1t, merc, ind",,,,General,,,,,,,,,,22.25
キネティックブラスター,kineticblaster,3,,5000,600,,250,,0,15,12,,,,KINETIC,375,,0,1,,,,,,,,1400,,,,,,,"kinetic11, no_sell, no_dealer, no_drop_salvage, codex_unlockable",,Lion's Guard,,Anti Shield,,,,,,,,,,22.35
ヘビーバーストレーザー,heavyburst,2,,2000,600,450,,,0,75,9,6,0.75,,ENERGY,,300,0.1,0.1,0.35,0.1,,,,,10000,,,,,,,"PD,ANTI_FTR","pd15, beam10, rare_bp, merc, ind",,,,Point Defense,,,,,,,,,,22.5
イオンパルサー,ionpulser,2,0.6,2250,500,,90,600,0,20,11,20,2,3,ENERGY,100,,0.05,0.05,3,0.1,3,20,1,4,,1000,,,,,,,"energy13, rare_bp, merc, ind",,,,Suppression,,,,,"Hits on hull or armor have a %s chance to arc to weapons and engines, dealing extra damage equal to the original hit.",25%,,,,22.75
イオンビーム,ionbeam,3,0.5,2500,1000,50,,400,0,15,12,,,,ENERGY,,150,0.1,0.1,,,,,,,2400,,,,,,,FIRE_WHEN_INEFFICIENT,"beam14, LR, rare_bp, hist1t, merc, ind",,,,Suppression,,,,,"Hits on hull or armor periodically arc to weapons and engines, dealing extra EMP and energy damage. Hits on shields have a chance to generate a shield-penetrating arc based on the target's hard flux level.",,,,,22.85
プラズマキャノン,plasma,3,,7500,700,,500,,,20,30,,,,ENERGY,550,,0.33,1.01,3,0.33,,,,,,750,,,500,,,"STRIKE, USE_VS_FRIGATES","energy20, rare_bp, hist1t, merc, ind",,,,General,,,,,The targeting system is incapable of tracking fighters when on local/automatic control.,,,,,23
ハイインテンシティレーザー,hil,1,,4500,1000,500,,,0,5,20,,,,HIGH_EXPLOSIVE,,400,0.1,0.1,,,,,,,2400,,,,,,,,"beam20, LR, hightech_bp, merc, ind",,,,Anti Armor,,,,,,,,,,24
オートパルスレーザー,autopulse,1,,4500,700,,150,,0,20,20,30,2,,ENERGY,125,,0.05,0.05,1,,0,10,1,5,,1000,,,,,,,"energy18, hightech_bp, merc, ind",,,,General,,,,,,,,,,25
パラディンPDシステム,guardian,2,0.5,5000,750,1000,,,0,75,18,20,1,,ENERGY,,300,0,0,0.2,0.1,,,,,1000000,,,,,,,"PD, ANTI_FTR","pd19, beam15, rare_bp, merc, ind",,,,Point Defense,,,,,"When all sub-beams impact a target in close proximity to each other, the spalling effect produces an explosion that deals up to 100 points of fragmentation damage to other nearby targets.",100 | fragmentation,,,,26
タキオンランス,tachyonlance,3,0.5,8000,1000,1500,,1000,0,7,25,,,,ENERGY,,2000,0.5,1,1,4,,,,,10000,,,,,,,FIRE_WHEN_INEFFICIENT,"energy20, beam15, LR, rare_bp, hist1t, merc, ind",,,,Suppression,,,,,"Hits on hull or armor frequently arc to weapons and engines, dealing extra EMP and energy damage. Hits on shields have a chance to generate a shield-penetrating arc based on the target's hard flux level.",,,,,27
ギガキャノン,gigacannon,3,,10000,700,,2500,,0,5,25,,,,ENERGY,1500,,1,9,,,0,0,0,0,,1000,,,,,,"STRIKE, USE_VS_FRIGATES, GROUP_ALTERNATING","strike18, no_sell, no_dealer, no_drop_salvage, codex_unlockable",,Lion's Guard,,Strike,,,,,,,,,,28
,,,,,,,,,,,,,,,,,,,,,,,,,,,,,,,,,,,,,,,,,,,,,,,,29
,,,,,,,,,,,,,,,,,,,,,,,,,,,,,,,,,,,,,,,,,,,,,,,,
,,,,,,,,,,,,,,,,,,,,,,,,,,,,,,,,,,,,,,,,,,,,,,,,
#オメガ武器,,,,,,,,,,,,,,,,,,,,,,,,,,,,,,,,,,,,,,,,,,,,,,,,
ミニパルサー,minipulser,3,,25000,500,,50,,1,50,8,20,2,10,KINETIC,50,,0.05,0.05,,,0,5,1,15,,1000,,,,,,,"kinetic9, omega, restricted, codex_unlockable",,Unknown,,Anti Shield,,,,,,,,,,0.5
ショックリピーター,shockrepeater,3,,20000,300,,50,200,0,100,7,,,,ENERGY,25,,0,0.5,1,,,,,,,10000,,,,,25,PD,"pd14, omega, restricted, codex_unlockable",,Unknown,,Point Defense,,,,Perfect,Fires an EMP arc at the nearest target close to the weapon's current facing. The arc always hits.,,,,,19.25
リフトランス,riftlance,3,,30000,600,1000,,,0,20,9,,,,ENERGY,,1000,0.125,0.25,0.5,2,,,,,3200,,,,,,,,"energy11, beam10, omega, restricted, codex_unlockable",,Unknown,,General,,,,,,,,,,29.1
リフトランスマインレイヤー,riftlance_minelayer,0,,,,,500,,25,,,,,,ENERGY,0,,,,1,,,,,,,0,0,20,1000,,,SYSTEM,,,Unknown,,,,,,,,,,,,38.5
リフトビーム,riftbeam,3,,100000,600,150,,,0,100,10,,,,ENERGY,,75,0.1,0.1,,,,,,,2400,,,,,,,PD,"beam10, pd15, omega, restricted, codex_unlockable",,Unknown,,Point Defense,,,,,"Creates space-time rifts along the beam length, targeted at nearby enemy missiles and fighters. Each rift deals up to %s energy damage to nearby targets.",200,,,,21
リフトビームマインレイヤー,riftbeam_minelayer,0,,,,,200,,25,,,,,,ENERGY,0,,,,1,,,,,,,0,0,20,1000,,,SYSTEM,,,Unknown,,,,,,,,,,,,38.5
クライオフレイマー,cryoflux,3,,100000,400,,100,,3,60,15,90,6,30,ENERGY,50,,,0.05,2,0.05,0,0,0,0,,500,,,,,,,"energy15, SR, omega, restricted, codex_unlockable",,Unknown,,General,,,,,,,,,,
クライオブラスター,cryoblaster,3,,100000,600,,1400,,50,20,16,,,,FRAGMENTATION,500,,0,1,,,0,0,0,0,,750,,,,,,,"energy15, omega, restricted, codex_unlockable",,Unknown,,General,,,,,,,,,,22.25
ディスインテグレーター,disintegrator,3,,100000,900,,100,,25,20,14,,,,HIGH_EXPLOSIVE,200,,0,2,3,0.2,4,4,,,,700,,,,,,,"he18, omega, restricted, codex_unlockable",,Unknown,,Anti Armor,,,,Spread Pattern,Each shot deals an additional 1000 damage to armor over 10 seconds. This damage is not reduced by armor.,1000 | 10,,,,22.25
リフトカスケードエミッター,riftcascade,3,,200000,1000,1000,,,0,7,30,,,,ENERGY,,3000,0.5,1,1,4,,,,,10000,,,,,,,,"energy22, beam17, LR, omega, restricted, codex_unlockable",,Unknown,,General,,,,,"Creates space-time rifts on impact. More rifts are spawned when the beam is fired at short range. Each rift deals between %s and %s energy damage to nearby targets, with successive rifts dealing more damage.",750 | 1250,,,,29.1
リフトカスケードエミッターマインレイヤー,riftcascade_minelayer,0,,,,,1000,,25,,,,,,ENERGY,0,,,,1,,,,,,,0,0,20,1000,,,SYSTEM,,,Unknown,,,,,,,,,,,,38.5
ボラタイルパーティクルドライバー,vpdriver,3,,200000,1000,,150,,10,20,30,30,3,15,KINETIC,100,,0.05,0.05,1,,0,10,1,10,,1000,,,,,,,"kinetic20, omega, restricted, codex_unlockable",,Unknown,,Anti Shield,,,,,Shots may lose cohesion and dissolve. %s of the shots reach half the maximum range and %s of the shots reach full range.,100% | 50%,,,,25
リアリティディスラプター,realitydisruptor,3,,250000,1000,,25,1500,10,5,30,,,,ENERGY,2000,,1,9,,,,,,,,200,0,100,10000,,,,"energy22, LR, omega, restricted, codex_unlockable",,Unknown,,Suppression,,,,,"Projectile fires EMP arcs at nearby enemy targets while traveling. The damage shown is for the EMP arcs, the projectile itself does not deal damage and will pass over ships. Weapon and engine repairs take %s longer for %s seconds on affected ships.",2{x} | 10,,,TRUE,25
,,,,,,,,,,,,,,,,,,,,,,,,,,,,,,,,,,,,,,,,,,,,,,,,
アンチマターSRMランチャー,amsrm,3,,40000,1200,,1000,,15,50,7,3,0.05,,ENERGY,1000,,0,0.5,1,,0,0,0,0,,1000,200,3,250,,,"DO_NOT_AIM, DO_NOT_CONSERVE","utility8, missile9, strike7, omega, restricted, codex_unlockable",,Unknown,,Anti Small Craft,Extremely Fast,Excellent,,,,,,,TRUE,10
レゾネーターMRMランチャー,resonatormrm,3,,100000,2500,,250,,15,20,16,8,0.4,4,KINETIC,50,,0,1.25,4,0.25,0,0,0,,,400,200,10,250,,,"DO_NOT_AIM, DO_NOT_CONSERVE","missile15, strike11, omega, restricted, codex_unlockable",,Unknown,,Anti Shield,Fast,Excellent,,,,,,,,12
リフト魚雷ランチャー,rifttorpedo,3,,500000,2000,,6000,,75,10,30,1,0.05,,ENERGY,3000,,0,1,1,,0,0,0,0,,200,100,15,3000,,,"STRIKE, DO_NOT_AIM","strike20, missile20, omega, restricted, codex_unlockable",,Unknown,,Guided Torpedo,Slow,Excellent,,,,,,,TRUE,12.5
,,,,,,,,,,,,,,,,,,,,,,,,,,,,,,,,,,,,,,,,,,,,,,,,
# 脅威関連,,,,,,,,,,,,,,,,,,,,,,,,,,,,,,,,,,,,,,,,,,,,,,,,
スウォームランチャー,swarm_launcher,0,,30000,1,,1,1,0,0,20,30,,,FRAGMENTATION,0,,0.25,1.25,,,0,0,0,0,,1,1,0.1,1,,,"DO_NOT_AIM, NO_MANUAL_FIRE","threat, fragment, restricted, codex_unlockable, no_standard_data, swarm1",,Threat,,Special,,,,,"Requires the %s hullmod and uses %s fragments per swarm launched. Can control up to %s swarms concurrently, but will wait to launch new swarms until the existing ones are depleted.",Fragment Swarm|50|4,This weapon can not be fired manually and will always launch swarms as soon as it is possible to do so.,,,14
シーカー断片,seeker_fragment,0,,3000,2000,,600,,,0,3,1,0.2,,HIGH_EXPLOSIVE,,,0.25,0.75,1,,,,,,,300,0,15,500,,,"IMPORTANT, DO_NOT_AIM, RANGE_FROM_SHIP_RADIUS","threat, fragment, restricted, codex_unlockable, missile1",,Threat,,General,Medium,Excellent,,,Requires the %s hullmod and uses %s fragments per shot.,Fragment Swarm|10,,,TRUE,15
運動断片,kinetic_fragments,0,,3000,1500,,400,,,0,4,1,0.2,,KINETIC,0,,0.25,0.25,1,,,,,,,400,0,5,300,,,"IMPORTANT, DO_NOT_CONSERVE, DO_NOT_AIM, RANGE_FROM_SHIP_RADIUS","threat, fragment, restricted, codex_unlockable, kinetic1, rocket1",,Threat,,Anti Shield,Fast,Special,,,Requires the %s hullmod and uses %s fragments per shot. Secondary fragments deal %s kinetic damage per impact.,Fragment Swarm|5|100,,,TRUE,15.1
不安定な断片,unstable_fragment,0,,3000,500,,750,,,0,2,1,0.5,,FRAGMENTATION,,,0.25,0.75,1,,,,,,,100,0,5,300,,,"PD, ANTI_FTR, DO_NOT_AIM, RANGE_FROM_TARGETING_OVAL","threat, fragment, restricted, codex_unlockable, pd1, rocket1",,Threat,,Anti Fighter (Area),Very Slow,Special,,,Requires the %s hullmod and uses %s fragment per shot. Unguided after a brief initial aiming stage.,Fragment Swarm|1,,,TRUE,15.25
デファブリケーションスウォーム,devouring_swarm,0,,3000,2500,,200,,,0,3,9,0.2,3,HIGH_EXPLOSIVE,,,0.25,0.75,1,,,,,0,,250,,20,1000,,,"STRIKE, USE_VS_FRIGATES, DO_NOT_AIM, CONSERVE_ALL, CONSERVE_FOR_ANTI_ARMOR, DIRECT_AIM, MISSILE_SPREAD, RANGE_FROM_SHIP_RADIUS, USE_LESS_VS_SHIELDS","threat, fragment, restricted, codex_unlockable, he1",,Threat,,Anti Armor,Medium,Excellent,,,Requires the %s hullmod and at least %s fragments per shot. Deals no damage vs shields.,Fragment Swarm|6|50|no damage,"A swarm of fragments attacks the target, eating through its armor and dismantling the hull once it's exposed, creating new fragments that return to the launching ship's swarm.",,TRUE,15.5
ボルテイック放電,voltaic_discharge,0,,2000,500,,25,50,0,0,5,20,2,20,ENERGY,25,,0,0.2,1,,,,,,,10000,,,,,360,"PD, DO_NOT_AIM, RANGE_FROM_TARGETING_OVAL","threat, fragment, fragment_glow, restricted, codex_unlockable, pd1, energy7",,Threat,,Point Defense,,,,Perfect,Requires the %s hullmod and at least %s active fragments. Fires a barrage of EMP arcs at nearby targets. The arcs always hit.,Fragment Swarm|10,,,,16
中性子魚雷,neutron_torpedo,0,,4000,1200,,2500,,75,10,3,2,,,KINETIC,0,,0,10,1,,,,,,,300,,6,1000,,,STRIKE,"threat, restricted, codex_unlockable, strike6, rocket2, reload_3pt",,Threat,,Anti Shield Torpedo,Medium,Limited,,,,,,,TRUE,17
ライトマスドライバー,light_mass_driver,0,,3000,700,,90,,10,30,10,,,,KINETIC,60,,0,0.6,1,,,,,,,900,,,,,,,"threat, restricted, codex_unlockable, kinetic8, LR",,Threat,,Anti Shield,,,,,,,,,,17.5
ヘビーマスドライバー,heavy_mass_driver,0,,6000,800,,200,,40,15,15,,,,KINETIC,140,,0,1,1,,,,,,,900,,,,,,,"threat, restricted, codex_unlockable, kinetic14, LR",,Threat,,Anti Shield,,,,,,,,,,18
ネオフェリッククアッドコイル,neoferric_quadcoil,0,,10000,900,,200,,10,30,20,,,,HIGH_EXPLOSIVE,200,,0,4.3,8,0.1,,,,,,900,,,,,,,"threat, restricted, codex_unlockable, he17",,Threat,,Anti Armor,,,,,,,,,,18.5
ボルテイックキャノン,voltaic_cannon,0,,5000,800,,300,500,0,50,3,2,0.01667,1,ENERGY,500,,0.5,0,,,,,,,,300,,,,,,"STRIKE, USE_LESS_VS_SHIELDS","threat, restricted, codex_unlockable, energy7, strike3",,Threat,,Suppression,,,,,Hits on hull or armor generate a large number of EMP arcs. Hits on shields have a chance to generate shield-penetrating EMP arcs based on the target's hard flux level.,,,,,19
ボイドブラスター,voidblaster,,,7000,700,,300,,0,15,16,12,0.5,4,HIGH_EXPLOSIVE,200,,0,0.25,,,10,10,0,10,,5000,,,,,,,"threat, restricted, codex_unlockable, he12",,Threat,,Anti Armor,,,,,"Deals %s damage to shields, despite not being a beam weapon.",soft flux,,,,19.5
,,,,,,,,,,,,,,,,,,,,,,,,,,,,,,,,,,,,,,,,,,,,,,,,
# シュラウデッド・ドウェラー関連,,,,,,,,,,,,,,,,,,,,,,,,,,,,,,,,,,,,,,,,,,,,,,,,
擬似粒子ジェット,pseudoparticle_jet,3,,10000,600,,25,,3,40,22,,,,KINETIC,30,,,0.05,6,0.05,0,0,0,0,,400,,,,,,,"monster, dweller, restricted, codex_unlockable, kinetic15, SR, no_drop, substrate_2",,Shrouded Dweller,,Anti Shield,,,,,,,,,,20
飢えたリフト,assaying_rift,3,,10000,2000,,600,,,180,18,,,,ENERGY,600,,0,2,1,,0,0,0,0,,200,400,14,800,,,DO_NOT_AIM,"monster, dweller, restricted, codex_unlockable, pd10, missile10, no_drop, substrate_2",,Shrouded Dweller,,General,Slow,Excellent,,,"When impacting hull or armor, heals one of the Shrouded Dweller projections on the battlefield for 1000 points.",1000,A poorly understood property inherent to space-time inhibits the formation of more than 10 total active rifts for all weapons on the battlefield. This limitation does not apply to the Shrouded Dweller.,10,,20.5
リフトライトニング,rift_lightning,3,,15000,600,,500,1000,0,50,20,,,,ENERGY,500,,0,2,,,,,,,,1000000,,,,,,"PD,PD_ALSO","monster, dweller, restricted, codex_unlockable, pd15, energy19, no_drop, substrate_3",,Shrouded Dweller,,General,,,,Perfect,"Fires an EMP arc at the target and opens a rift that deals damage in an area around the point of impact. The arc may miss depending on exactly where the weapon is pointing, and can pass over friendly ships.",,,,,20.75
リフトライトニングマインレイヤー,rift_lightning_minelayer,0,,,,,500,1000,0,,,,,,ENERGY,0,,,,1,,,,,,,0,0,20,1000,,,SYSTEM,"restricted, no_drop",,Shrouded Dweller,,,,,,,,,,,,21
アビッサルグレア,abyssal_glare,3,,25000,800,500,,1000,0,7,30,,,,ENERGY,,500,0.1,0.1,,,,,,,6000,,,,,,,,"monster, dweller, restricted, codex_unlockable, beam21, no_drop, substrate_5",,Shrouded Dweller,,General,,,,,"Produces explosions that deal up to 100 points of energy damage to all nearby targets, including the one being hit by the beam.",100 | energy,,,,22
敵対的放射,inimical_emanation,3,,5000,500,,100,500,0,120,10,,,,ENERGY,175,,0,1,1,,,,,,,10000,,,,,25,PD,"monster, dweller, restricted, codex_unlockable, pd14, no_drop, substrate_1",,Shrouded Dweller,,Suppression / Point Defense,,,,Perfect,Fires at the nearest target close to the weapon's current facing. Able to target phased ships. Always hits and targets weapons and engines on ships. Hits on hull or armor cause weapon and engine repairs to take %s longer for %s seconds.,2{x} | 5,,,,22.1
渦巻くローカス,vortex_launcher,0,,100000,3000,,0,0,0,0,50,2,0.1,,FRAGMENTATION,0,,0,3,,,0,0,0,0,,1,1,0.1,1,,,"DO_NOT_AIM, NO_MANUAL_FIRE","monster, dweller, restricted, codex_unlockable, no_drop, no_standard_data",,Shrouded Dweller,,Special,,,,,"Launches a Shrouded Vortex, which will try to seek out and batter nearby targets and will eventually explode, dealing up to 2000 points of energy damage in an area.",Shrouded Vortex | 2000 | energy,,,,22.2
,,,,,,,,,,,,,,,,,,,,,,,,,,,,,,,,,,,,,,,,,,,,,,,,
,,,,,,,,,,,,,,,,,,,,,,,,,,,,,,,,,,,,,,,,,,,,,,,,
,,,,,,,,,,,,,,,,,,,,,,,,,,,,,,,,,,,,,,,,,,,,,,,,31
,,,,,,,,,,,,,,,,,,,,,,,,,,,,,,,,,,,,,,,,,,,,,,,,32
インターディクター・ビーム,interdictorbeam,2,,1000,700,0,,,100,15,5,,,,ENERGY,,100,0.5,1,,,,,,,2400,,,,,,,SYSTEM,,,,,,,,,,,,,,,33
,,,,,,,,,,,,,,,,,,,,,,,,,,,,,,,,,,,,,,,,,,,,,,,,34
,,,,,,,,,,,,,,,,,,,,,,,,,,,,,,,,,,,,,,,,,,,,,,,,35
カニスター・フラック,canister_flak,,,,200,,200,,,,,,0,,HIGH_EXPLOSIVE,0,0,0,0.1,5,0.5,150,150,0,0,,50,200,2,100,,,SYSTEM,,,,,,,,,,,,,,,35.5
フレア・ランチャー1,flarelauncher1,,,,400,,10,100,,,,,0,,ENERGY,0,0,0,0.1,10,0.1,60,60,0,0,,150,300,3,1,,,SYSTEM,,,,,,,,,,,,,,,36
デコイ・フレア・ランチャー,flarelauncher2,,,,200,,10,0,,,,,0,,ENERGY,0,0,0,0.1,3,0.4,30,30,0,0,,200,100,5,500,,,SYSTEM,,,,,,,,,,,,,,,37
デコイ・フレア・ランチャー（シングル）,flarelauncher21,,,,200,,10,0,,,,,0,,ENERGY,0,0,0,0.1,1,,30,30,0,0,,200,100,5,500,,,SYSTEM,,,,,,,,,,,,,,,37
シーカー・フレア・ランチャー,flarelauncher3,,,,500,,10,400,,,,,0,,ENERGY,0,0,0,0.1,3,0.1,90,90,0,0,,400,200,7,1,,,SYSTEM,,,,,,,,,,,,,,,38
モート・ランチャー,motelauncher,,,,500,,1,1500,,,,,0,,ENERGY,0,0,0,0.1,1,,30,30,0,0,,400,200,10000,500,,,SYSTEM,,,,,,,,,,,,,,,38.25
モート・ランチャー,motelauncher_hf,,,,500,,300,1500,,,,,0,,ENERGY,0,0,0,0.1,1,,30,30,0,0,,400,200,10000,500,,,SYSTEM,,,,,,,,,,,,,,,38.26
マインレイヤー,minelayer1,0,,200000,1000,,2000,,25,30,12,30,,,HIGH_EXPLOSIVE,0,,0,3,1,,0,0,0,0,,50,50,20,500,,,SYSTEM,,,,,,,,,,,,,,,38.5
ヘビー・マインレイヤー,minelayer2,0,,200000,1000,,2000,,25,30,12,30,,,HIGH_EXPLOSIVE,0,,0,3,1,,0,0,0,0,,50,50,20,500,,,SYSTEM,,,,,,,,,,,,,,,38.7
オリオン・デバイス・ボム・ランチャー,od_bomblauncher,0,,200000,1000,,500,,25,30,12,30,,,HIGH_EXPLOSIVE,0,,0,3,1,,0,0,0,0,,50,50,1,10000,,,SYSTEM,,,,,,,,,,,,,,,38.8
ノヴァ・バースト・ボム・ランチャー,nb_bomblauncher,0,,200000,1000,,500,,25,30,12,30,,,ENERGY,0,,0,3,1,,0,0,0,0,,50,50,1,10000,,,SYSTEM,,,,,,,,,,,,,,,38.9
,,,,,,,,,,,,,,,,,,,,,,,,,,,,,,,,,,,,,,,,,,,,,,,,
サーマル・パルス・キャノン,tpc,0,,100000,1000,,250,,0,0,,20,1,,ENERGY,150,,0,0.2,1,,0,10,2,5,,1000,,,,,,"SYSTEM,SHOW_IN_CODEX",,TPC_only,,,General,,,,,,,,,,40
ヘビー・アジュディケーター,heavy_adjudicator,1,,100000,800,,800,,,0,40,20,0.5,5,FRAGMENTATION,100,,0,0.333333,1,,0,5,3,5,,1200,,,,,3,"SYSTEM,SHOW_IN_CODEX,PD,PD_ALSO",codex_unlockable,H_A_only,Domain Restricted,,Anti Armor (Area),,,,,"Each shell has a proximity fuse and deals damage over a wide area when it explodes.

Will target missiles if no other targets are in range.",,,,,40.5
ターミネーター・ミサイル・コンバージョン,terminator_missile,3,,0,1500,,1200,600,200,0,0,1,,,ENERGY,0,,0,1,1,,0,0,0,0,,400,0,10,100000,,,"DIRECT_AIM, SYSTEM",restricted,,,,Missile,Fast,Medium,,,,,,,TRUE,41
,,,,,,,,,,,,,,,,,,,,,,,,,,,,,,,,,,,,,,,,,,,,,,,,42
プッシャープレート（ロー・テック）,pusherplate_lt,,,,,,,,,,,,,,,,,,,,,,,,,,,,,,,,SYSTEM,pusherplate,,,,,,,,,,,,,,42.5
プッシャープレート（ロー・テック、小型）,pusherplate_lt_small,,,,,,,,,,,,,,,,,,,,,,,,,,,,,,,,SYSTEM,pusherplate,,,,,,,,,,,,,,42.75
プッシャープレート（レムナント、ノヴァ）,pusherplate_nova,,,,,,,,,,,,,,,,,,,,,,,,,,,,,,,,SYSTEM,pusherplate,,,,,,,,,,,,,,42.8
センサー・ディッシュ,sensordish,,,,,,,,,,,,,,,,,,,,,,,,,,,,,,,,SYSTEM,,,,,,,,,,,,,,,43
ライダー・ディッシュ,lidardish,0,,1,0,100,,,0,200,0,1000,1000,,ENERGY,,0,0.2,0.2,0.35,0,,,,,1000000,,,,,,,SYSTEM,lidar,,,,Special,,,,,,,,,,43.5
ノヴァ・レーザー,novalaser,0,,1,55,1,,,0,200,0,,,,ENERGY,,0,0.1,0.1,,,,,,,1000000,,,,,,,SYSTEM,"nova, fixed_range",,,,Special,,,,,,,,,,43.75
ブリンカー・レッド,blinker_red,,,,,,,,,,,,,,,,,,,,,,,,,,,,,,,,SYSTEM,,,,,,,,,,,,,,,44
ブリンカー・グリーン,blinker_green,,,,,,,,,,,,,,,,,,,,,,,,,,,,,,,,SYSTEM,,,,,,,,,,,,,,,45
ライト - バッファロー,lights_buffalo,,,,,,,,,,,,,,,,,,,,,,,,,,,,,,,,SYSTEM,,,,,,,,,,,,,,,46
ライト - ハウンド,lights_hound,,,,,,,,,,,,,,,,,,,,,,,,,,,,,,,,SYSTEM,,,,,,,,,,,,,,,47
,,,,,,,,,,,,,,,,,,,,,,,,,,,,,,,,,,,,,,,,,,,,,,,,48
ターゲティング・レーザー - レッド,targetinglaser1,0,,1,0,1,,,0,200,0,1000,1000,,ENERGY,,0,0.05,0.05,0.1,0.05,,,,,1000000,,,,,,,SYSTEM,,,,,Special,,,,,,,,,,49
ターゲティング・レーザー - グリーン,targetinglaser2,0,,1,0,1,,,0,200,0,1000,1000,,ENERGY,,0,0.05,0.05,0.1,0.05,,,,,1000000,,,,,,,SYSTEM,,,,,Special,,,,,,,,,,50
ターゲティング・レーザー - ダブル・レッド・コンティニュアス,targetinglaser3,0,,1,0,100,,,0,200,0,,,,ENERGY,,0,0.05,0.05,,,,,,,1000000,,,,,,,SYSTEM,,,,,Special,,,,,,,,,,51
,,,,,,,,,,,,,,,,,,,,,,,,,,,,,,,,,,,,,,,,,,,,,,,,52
,,,,,,,,,,,,,,,,,,,,,,,,,,,,,,,,,,,,,,,,,,,,,,,,53
,,,,,,,,,,,,,,,,,,,,,,,,,,,,,,,,,,,,,,,,,,,,,,,,54
,,,,,,,,,,,,,,,,,,,,,,,,,,,,,,,,,,,,,,,,,,,,,,,,55
,,,,,,,,,,,,,,,,,,,,,,,,,,,,,,,,,,,,,,,,,,,,,,,,56
,,,,,,,,,,,,,,,,,,,,,,,,,,,,,,,,,,,,,,,,,,,,,,,,57
,,,,,,,,,,,,,,,,,,,,,,,,,,,,,,,,,,,,,,,,,,,,,,,,58
,,,,,,,,,,,,,,,,,,,,,,,,,,,,,,,,,,,,,,,,,,,,,,,,59
,,,,,,,,,,,,,,,,,,,,,,,,,,,,,,,,,,,,,,,,,,,,,,,,60
,,,,,,,,,,,,,,,,,,,,,,,,,,,,,,,,,,,,,,,,,,,,,,,,61
,,,,,,,,,,,,,,,,,,,,,,,,,,,,,,,,,,,,,,,,,,,,,,,,62
,,,,,,,,,,,,,,,,,,,,,,,,,,,,,,,,,,,,,,,,,,,,,,,,63
,,,,,,,,,,,,,,,,,,,,,,,,,,,,,,,,,,,,,,,,,,,,,,,,64
,,,,,,,,,,,,,,,,,,,,,,,,,,,,,,,,,,,,,,,,,,,,,,,,65
,,,,,,,,,,,,,,,,,,,,,,,,,,,,,,,,,,,,,,,,,,,,,,,,66
,,,,,,,,,,,,,,,,,,,,,,,,,,,,,,,,,,,,,,,,,,,,,,,,67
,,,,,,,,,,,,,,,,,,,,,,,,,,,,,,,,,,,,,,,,,,,,,,,,68
,,,,,,,,,,,,,,,,,,,,,,,,,,,,,,,,,,,,,,,,,,,,,,,,69
,,,,,,,,,,,,,,,,,,,,,,,,,,,,,,,,,,,,,,,,,,,,,,,,70
,,,,,,,,,,,,,,,,,,,,,,,,,,,,,,,,,,,,,,,,,,,,,,,,71
,,,,,,,,,,,,,,,,,,,,,,,,,,,,,,,,,,,,,,,,,,,,,,,,72
,,,,,,,,,,,,,,,,,,,,,,,,,,,,,,,,,,,,,,,,,,,,,,,,73
