name,secondary,tags,parents,frequency,reusable
アエルルス,,star,,,
ヘラ,,star,,,
アレス,,planet,Hera,,
デイモス,,moon,Ares,,
フォボス,,moon,Ares,,
キュドイモス,,moon,Ares,,
マカイ,,moon,Ares,,
ミスミナイ,,moon,Ares,,
ポレモス,,moon,Ares,,
ヘベ,,planet,Hera,,
アレクシアレス,,moon,Hebe,,
アニケトゥス,,moon,Hebe,,
エリス,,planet,Hera,,
ダイスノミア,,moon,Eris,,
レーテ,,moon,Eris,,
リモス,,moon,Eris,,
アルゴス,,moon,Eris,,
ネイケア,,moon,Eris,,
エレウシア,,planet,Hera,,
エニオ,,planet,Hera,,
エニャリウス,,moon,Enyo,,
バラク,,star,,,
ズムルルド,,planet,,,
リトス,,planet,,,
テンブラ―,,planet,,,
バール,,star,,,
ベル,,star,,,
ハドゥ,,star,,,
イシュクル,,star,,,
エンキ,,star,,,
ディルムン,,planet,Enki,,
キ,,planet,Enki,,
ニントゥル,,moon,Ki,,
ニンスツ,,moon,Ki,,
ニンカシ,,moon,Ki,,
ダジムア,,moon,Ki,,
エンシャガグ,,moon,Ki,,
ニントゥ,,planet,Enki,,
ニンサール,,planet,Enki,,
ニンクラ,,planet,Enki,,
ウットゥ,,moon,Ninkurra,,
イシムド,,planet,Enki,,
イシュタル,,star,,,
デュムジ,,planet,Ishtar,,
グダム,,planet,Ishtar,,
ガラトゥーラ,,planet,Ishtar,,
クルジャラ,,planet,Ishtar,,
ダゴン,,star,,,
ベラトゥ,,planet,Dagon,,
ゴディバ,,moon,,,
偉大なる不幸,,planet,,,
ヘルツォーク,,planet,,,
混沌,,star,,,
マルキバー,,planet,Pandemonium,,
マモン,,planet,Pandemonium,,
リヴァイアサン,,planet,Pandemonium,,
アスモデウス,,planet,Pandemonium,,
ベルフェゴール,,planet,Pandemonium,,
ベリアル,,planet,Pandemonium,,
アザゼル,,planet,Pandemonium,,
ベリス,,star,,,
アシュタロス,,star,,,
サイダン,,planet,Ashtoreth,,
ガレラ,,planet,Ashtoreth,,
モロク,,star,,,
ユートピア,,star,,,
アザトース,,star,,,
アバドン,,star,,,
ディス,,star,,,
メデア,,planet,,,
クルーシブル,,planet,,,
ワーム,,planet,,,
ダンタリオン,,star,,,
謙虚さ,,planet,,,
ロマンス,,planet,,,
ワン,,planet,,,
リールー,,planet,,,
朱雀,,star,,,
アダ,,moon,,,
ルク,,moon,,,
ゼノビア,,star,,,
迷宮,,planet,,,
玄武,,star,,,
キリン,,star,,,
ブラックエンペラー,,star,,,
ミルクハイム,,star,,,
イドゥン,,planet,Myrkheim,,
ドロップニル,,ring,Myrkheim,,
イヴァルディ,,planet,Myrkheim,,
ブロクル,,planet,Myrkheim,,
ガドフライ,,moon,Brokr,,
エイトリ,,planet,Myrkheim,,
グリンブルスティ,,planet,Myrkheim,,
ハブロック,,planet,,,
ヨトゥンヘイム,,star,,,
グレイプ,,planet,Jotunheim,,
ギャルプ,,planet,Jotunheim,,
バルダルブンガ,,planet,Jotunheim,,
スリバルディ,,planet,Jotunheim,,
ゾシモス,,planet,,,
$parentの車輪,,"ring, accretion",,,
エゼキエルの車輪,,"ring, accretion",,,
$parentの弧,,ring,,,
$parentの花冠,,"ring, magnetic_field, accretion",,,
$parentのトルク,,"ring, accretion",,,
$parentの冠,,"ring, accretion",,,
リングシステム,,ring,,20,TRUE
降着円盤,,accretion,,20,TRUE
ウロボロス,,asteroid_belt,,,
$parentのガードル,,asteroid_belt,,,
アイアン・ストリーム,,asteroid_belt,,,
ストーン・リバー,,asteroid_belt,,,
$parentのベルト,,asteroid_belt,,,
$parentの壁,,asteroid_belt,,,
$parentの道,,"asteroid_belt, ring",,,
きらめく帯,,"ring, asteroid_belt",,,
$parent's サーキット,,asteroid_belt,,,
$parent's Crown,,asteroid_belt,,,
小惑星帯,,asteroid_belt,,20,TRUE
$parentの混沌,,"asteroid_field, magnetic_field",,,
$parentの群れ,,asteroid_field,,,
ストーン・コンクラーヴ,,asteroid_field,,,
$parentのシールド,,"asteroid_field, magnetic_field",,,
$parent $L 小惑星,,asteroid_field,,20,
小惑星フィールド,,asteroid_field,,,
$parent's Veil,,"nebula, magnetic_field",,,
$parentのクローク,,nebula,,,
$parentの秘密,,"nebula, magnetic_field",,,
$parentの謎,,"nebula, magnetic_field",,,
$parent's Night,,nebula,,,
$parentの暗闇,,nebula,,,
$parent $L 星雲,,nebula,,20,
$parentの海,,nebula,,,
$parentのサルガッソー,,nebula,,,
星雲,,nebula,,,
$parentの渦,,"magnetic_field, accretion",,,
$parent's Confusion,,"magnetic_field, accretion",,,
$parent's Wrath,,"magnetic_field, accretion",,,
$parentの怒り,,"magnetic_field, accretion",,,
$parentのオーラ,,"magnetic_field, accretion",,,
$parent's Madness,,"magnetic_field, accretion",,,
磁場,,magnetic_field,,20,TRUE
フレイヤ,,star,,,
ブリシンガメン,,"ring, asteroid_belt magnetic_field, accretion",Freyja,,
ヴォータン,,star,,,
ドロップニル,,"ring, asteroid_belt magnetic_field, accretion",Wotan,,
ヒルズキャルフ,,planet,Wotan,,
ギュゲスの環,,ring,,,
フェンリル,,planet,,,
ギョル,,moon,Fenrir,,
スレドヴィク,,moon,,,
接触石,,moon,,,
アルカディ,,planet,,,
ロカンノンの世界,,planet,,,
バスラグ,,planet,,,
ブーン,,moon,,,
ザカルウェ,,moon,,,
ダークエンス,,moon,,,
リヴェタ,,moon,,,
エレティオメル,,moon,,,
スタベリンド,,moon,,,
キャッシュ,,moon,,,
ゲド,,moon,,,
おしゃべり,,planet,,,
リガマロール,,planet,,,
スクリムショー,,planet,,,
ハドリア,,planet,,,
ロサス,,planet,,,
オロバス,,star,,,
ささやき,,star,,,
アスモデイ,,star,,,
マラックス,,star,,,
アモン,,star,,,
コマロフ,,star,,,
ニビル,,planet,,,
ブラーヘ,,constellation,,,
ペルセウス,Persei,constellation,,,
チェレンコフ,,constellation,,,
シグナス,Cygni,constellation,,,
サウルス,Sauri,constellation,,,
魚座,Piscum,constellation,,,
カリナ,Carinae,constellation,,,
ドラコ,,constellation,,,
エリシア,,constellation,,,
イルカラ,,constellation,,,
メロピス,Meropi,constellation,,,
ニサ,,constellation,,,
パイティティ,,constellation,,,
ヨミ,,constellation,,,
バルティア,,constellation,,,
連合,,planet,,,
ジェレマイアの世界,,planet,,,
ストラスコナ,,moon,,,
タムシン,,moon,,,
ケテ,,moon,,,
ホロサ,,planet,,,
エーテル,,star,,,
エロス,,"star,planet",,,
アスフォデル,,star,,,
エレバス,,"star, nebula",,,
ニクス,,"star, nebula",,,
アケロン,,star,,,
カロン,,planet,,,
タルタロス,,star,,,
カトン,,star,,,
ボスロス,,planet,"Khthon, Tartarus",,
メガロン,,planet,"Khthon, Tartarus",,
タナトス,,star,,,
ヒュプノス,,planet,Hypnos,,
モルフェウス,,moon,Hypnos,,
フォベトール,,moon,Hypnos,,
ファンタソス,,moon,Hypnos,,
オネイロイ,,"asteroid_belt, ring, magnetic_field",Hypnos,,
レーテ,,"asteroid_belt, ring, magnetic_field","Asphodel,Hypnos,Acheron,Kharon",,
コキュートス,,"asteroid_belt, ring, magnetic_field","Asphodel,Hypnos,Acheron,Kharon",,
オケアヌス星雲,,nebula,,,
エリュシオン,,planet,,,
ミノス,,planet,,,
コラ,,planet,,,
ムネモシュネ,,star,,,
カリオペ,,planet,Mnemosyne,,
マイダン,,moon,Calliope,,
エドナス,,moon,Calliope,,
ビストン,,moon,Calliope,,
クレイオ,,planet,Mnemosyne,,
ヒヤシンス,,moon,Kleio,,
エウテルペ,,planet,Mnemosyne,,
リースス,,moon,Euterpe,,
エラト,,planet,Mnemosyne,,
メルポメネ,,planet,Mnemosyne,,
ポリムニア,,planet,Mnemosyne,,
アグラオペ,,moon,Polymnia,,
レウコシア,,moon,Polymnia,,
リゲイア,,moon,Polymnia,,
モルペ,,moon,Polymnia,,
パセノペ,,moon,Polymnia,,
ペイシノエ,,moon,Polymnia,,
テルクシオペ,,moon,Polymnia,,
テルプシコレ,,planet,Mnemosyne,,
タリア,,planet,Mnemosyne,,
コリバンテス,,"ring, asteroid_belt",Thalia,,
ウラニア,,planet,Mnemosyne,,
リナス,,moon,Urania,,
ダイア,,planet,Mnemosyne,,
ヘリコン,,planet,Mnemosyne,,
アオイデ,,moon,Helicon,,
メレーテ,,moon,Helicon,,
ムネメ,,moon,Helicon,,
パルナッソス,,planet,,,
バンシー,,magnetic_field,,,
セイレーン,,asteroid_belt,,,
オルフェウス,,planet,,,
悲劇,,star,,,
クレテス,,asteroid_belt,,,
$parent's Flock,,"asteroid_belt, asteroid_field",,,
マンギンダサ,,star,,,
バガワシン,,"star,planet",Mangindusa,,
ポロ,,planet,"Mangindusa,Bugawasin",,
セドゥムナドク,,planet,"Mangindusa,Bugawasin",,
タビアコウド,,planet,"Mangindusa,Bugawasin",,
アンガグル,,moon,Tabiacoud,,
バルグ,,"ring, asteroid_belt, magnetic_field","Mangindusa,Bugawasin",,
カラバガン,,"ring, asteroid_belt, magnetic_field","Mangindusa,Bugawasin",,
タリヤカド,,moon,"Polo,Sedumunadoc,Tabiacoud",,
ランギット,,moon,"Polo,Sedumunadoc,Tabiacoud",,
バサド,,planet,"Mangindusa,Bugawasin",,
シドパン,,planet,"Mangindusa,Bugawasin",,
ディブワット,,planet,"Mangindusa,Bugawasin",,
カヴァチャ,,magnetic_field,,,
オーム,,"planet, moon",,,
オギオン,,"planet, moon",,,
モレッドの環,,ring,,,
セリドール,,moon,,,
ナグ,,moon,,,
イェグ,,moon,,,
ロゴグ,,planet,,,
ハスター,,planet,,,
イグ,,planet,,,
ラマ,,star,,,
ハヌマーン,,planet,Rama,,
ヴァナラ,,planet,Rama,,
スラサ,,star,,,
ヴァスキ,,"star,planet",,,
ナガス,,asteroid_belt,"Surasa, Vasuki",,
カリヤ,,planet,"Surasa, Vasuki",,
マナサ,,planet,,,
バクナワ,,planet,,,
カルコタカ,,planet,,,
ムカリンダ,,planet,,,
パドマヴァティ,,planet,,,
真珠川,,"asteroid_belt, ring",,,
ズメイ,,star,,,
ラムヤ,,star,,,
スモク,,star,,,
スティジア,,planet,,,
シメリア,,planet,,,
マゲン,,planet,,,
ジルニトラ,,star,,,
アルコナ,,planet,,,
ヴェド,,moon,,,
コロボックル,,moon,,,
モコシュ,,star,,,
ペルン,,"star,planet",Mokosh,,
モラナ,,planet,Perun,,
ヴェレス,,"star,planet",Mokosh,,
ジャリロ,,planet,Mokosh,,
スヴァログ,,star,,,
ダズボグ,,"star,planet",Svarog,,
インドリック,,moon,,,
ストリボグ,,star,,,
ガマユン,,planet,Stribog,,
シリン,,planet,Stribog,,
アルコノスト,,planet,Stribog,,
シマルグル,,"asteroid_belt, asteroid_field",Stribog,,
ババ・ヤーガ,,planet,,,
ブヤン,,star,,,
コスケイ,,planet,Buyan,,
キテジ,,planet,,,
ネター,,moon,,,
ポントゥス,,star,,,
ティアマト,,star,,,
アプスー,,"star,planet",Tiamat,,
ロタン,,planet,Tiamat,,
バスム,,planet,Tiamat,,
ウスムガル,,planet,Tiamat,,
マスマフ,,planet,Tiamat,,
ムシュス,,planet,Tiamat,,
ラフム,,planet,Tiamat,,
ウガルル,,planet,Tiamat,,
ウリディムム,,planet,Tiamat,,
ギルタブリュル,,planet,Tiamat,,
ウム・ダブルトゥ,,planet,Tiamat,,
クルル,,planet,Tiamat,,
クサリック,,planet,Tiamat,,
ヨー,,star,,,
ラハブ,,planet,Yaw,,
タニン,,planet,Yaw,,
杏子,,star,,,
オーサー,,"star, planet",,,
ホロス,,"star, planet",Ausir,,
ネケン,,"planet, moon",Horos,,
アナパ,,planet,Ausir,,
アトゥアン,,moon,,,
テナール,,moon,,,
コッシル,,moon,,,
運命の車輪,,"asteroid_belt, ring",,,
危険な包囲,,planet,,,
ワールド・ミル,,star,,,
アラ,,moon,,,
デューラーの星,,star,,,
メランコリア,,planet,,,
モスクワ,,planet,,,
グリセウス,,planet,,,
ブレク,,planet,,,
飢えた幽霊,,nebula,,,
煉獄,,star,,,
ヤマ,,"star, planet",Diyu,,
ナイヘ・チャオ,,"ring, asteroid_belt, magnetic_field, accretion",Diyu,,
ユードゥ,,planet,Diyu,,
チンガン,,planet,Diyu,,
ビン・ディユ,,moon,Qinguang,,
チュージアン,,planet,Diyu,,
ヘイシェン・ダディ,,moon,Chujiang,,
ソングディ,,planet,Diyu,,
ウーグワン,,planet,Diyu,,
シュエチ,,moon,Wuguan,,
閻羅,,planet,Diyu,,
ディアンチェン,,planet,Diyu,,
交換,,moon,Diancheng,,
太山,,planet,Diyu,,
ロウジャン,,moon,Taishan,,
ドゥシ,,planet,Diyu,,
メングオ,,moon,Dushi,,
ピンデン,,planet,Diyu,,
アヴィチ,,moon,Pingden,,
地獄,,star,,,
エンマ,,"star, planet",Jigoku,,
ガーゴイル,,moon,,,
馴染みのある,,moon,,,
シュラット,,moon,,,
コボルド,,moon,,,
ユーミング,,nebula,,,
インジャン,,nebula,,,
ソレイン,,planet,,,
グロワン,,planet,,,
サガン,,planet,,,
ロビンソンの月,,moon,,,
モルサンヴェルド,,moon,,,
イッソリル,,planet,,,
アザド,,moon,,,
ゴーメンガースト,,planet,,,
ノール,,moon,,,
カルカソンヌ,,planet,,,
サーク,,moon,,,
ラメウムプトン,,moon,,,
ヴィダール,,planet,,,
ジャハンナム,,star,,,
ザククム,,planet,Jahannam,,
マーリク,,planet,Jahannam,,
ハウィヤ,,planet,Jahannam,,
バルザク,,"ring, asteroid_belt, magnetic_field, accretion, asteroid_field",Jahannam,,
アル・ナール,,star,,,
ジャヒム,,star,,,
ジャナ,,star,,,
トウバ,,planet,Jannah,,
アラフ,,moon,,,
シェオル,,planet,,,
レファイム,,asteroid_belt,Sheol,,
破滅,,planet,,,
アール,,star,,,
ネテル・ハケルテト,,star,,,
エルリグ,,star,,,
カロアグランラー,,"asteroid_belt, asteroid_field",Erlig,,
カラキズラー,,"asteroid_belt, asteroid_field",Erlig,,
カラシュ,,planet,Erlig,,
マティール,,planet,Erlig,,
シャインゲイ,,planet,Erlig,,
コムル,,planet,Erlig,,
バディシュ,,planet,Erlig,,
ヤバシュ,,planet,Erlig,,
テミル,,planet,Erlig,,
Uchar,,planet,Erlig,,
ケレイ,,planet,Erlig,,
ウルガン,,star,,,
メイデレ,,planet,Ulgan,,
ザ・オルドグ,,planet,,,
ヤヴ,,planet,,,
プラヴ,,planet,,,
ナヴ,,planet,,,
アニオックス,,moon,,,
アトリン,,nebula,,,
ザ・チェチドラ,,"asteroid_belt, asteroid_field",,,
コミアケン,,planet,,,
カルタス,,moon,,,
ギンゴルクス,,star,,,
ザ・ネチャコ,,"ring, asteroid_belt",,,
ツィムシアン,,ring,,,
イヴァビク,,planet,,,
ゴースト・ダンス,,magnetic_field,,,
マグ・メル,,planet,,,
ロカ,,planet,,,
シパクトリ,,moon,,,
エヘカトル,,"magnetic_field, ring",,,
スピリット・ウィンド,,magnetic_field,,,
アギエル,,planet,,,
テッシュ,,planet,,,
ロハギ,,planet,,,
シメク,,planet,,,
ベレッド・カイ・ネヴ,,planet,,,
サマエル,,star,,,
アグラト・バット・マフラト,,"star, planet",Samael,,
アママル,,moon,Agrat bat Mahlat,,
ナアマ,,"star, planet",Samael,,
リリス,,star,,,
エイシェス,,star,,,
ゼパール,,planet,,,
ザ・グリゴリ,,"asteroid_belt, asteroid_field",,,
ザ・センティネル,,"asteroid_belt, asteroid_field",,,
スリエル,,moon,,,
オールド・ゴート,,moon,,,
コカブ,,planet,,,
ヤクム,,star,,,
アスビール,,planet,Yaqum,,
ガドリール,,planet,Yaqum,,
ペネミュー,,planet,Yaqum,,
カスダイ,,planet,Yaqum,,
カンブリエル星雲,,nebula,,,
アルマロスの作品,,magnetic_field,,,
ザ・ミリアド,,"asteroid_belt, asteroid_field",,,
ザ・ロスト・リージョン,,"asteroid_belt, asteroid_field, accretion",,,
アル・カタブ,,"magnetic_field, nebula",,,
ザ・アルマダ,,"asteroid_belt, asteroid_field",,,
コーニッド,,moon,,,
ザ・ゲンギリス,,"asteroid_belt, asteroid_field",,,
ニュー・スロチ,,planet,,,
ゼズベス,,star,,,
ザファン,,star,,,
ヴァンス,,planet,,,
ザ・エリニエス,,"asteroid_belt, asteroid_field",,,
チャルン,,planet,,,
カル,,planet,,,
タームス,,planet,,,
アイタ,,planet,,,
アンビル,,moon,,,
ストレイ・ドッグ,,moon,,,
バレファー,,star,,,
ラヴェルナ,,moon,,,
マデラッカ,,star,,,
サラッカ,,planet,Maderakka,,
ジュクサッカ,,planet,Maderakka,,
ウクサッカ,,planet,Maderakka,,
ジャブメ・アッカ,,planet,Maderakka,,
マーン・エモ,,star,,,
アン,,star,,,
キ,,"star, planet",An,,
アヌ,,"planet, moon",Ki,,
ロング,,moon,,,
クイ,,moon,,,
ラン,,moon,,,
フン,,moon,,,
ジンの技術,,magnetic_field,,,
ザ・カリン,,"asteroid_belt, asteroid_field",,,
トゥチュルチャ,,planet,,,
スワンギ,,moon,,,
サージャット,,moon,,,
ザ・インプ,,moon,,,
チャックス,,star,,,
ザ・レイヴン,,moon,,,
ザ・マーダー,,"asteroid_belt, asteroid_field",,,
サレオス,,planet,,,
プルオマン,,planet,,,
インドラニ・サチ,,moon,,,
シヴァスリ,,moon,,,
ザ・ポンティアナク,,nebula,,,
ザ・ポコン,,ring,,,
O トカタ,,moon,,,
オソル,,planet,,,
エンプーサ,,moon,,,
モルモ,,moon,,,
オノスケリス,,planet,,,
マラ,,planet,,,
クランプス,,moon,,,
クロニ,,star,,,
ラヴァナン,,planet,Kroni,,
カリヤン,,planet,Kroni,,
トゥリオタナン,,"asteroid_belt, asteroid_field",Kroni,,
カド,,moon,,,
ザ・マリッド,,"asteroid_belt, asteroid_field",,,
ハントゥ・ラヤ,,planet,,,
トゥユル,,planet,,,
コマン・トン,,moon,,,
コマン・レイ,,moon,,,
クイ・キア,,moon,,,
ジェングロット,,moon,,,
グソイン,,planet,,,
ガル,,moon,,,
ガープ,,star,,,
ゾアヴィッツ,,planet,,,
クラバウターマン,,moon,,,
$parent's ジンクス,,magnetic_field,,,
$parent's ヘックス,,magnetic_field,,,
ザ・ヘカトン,,accretion,,,
グリグリ,,moon,,,
バカーク,,planet,,,
ジャンビーのダンス,,magnetic_field,,,
キガティリク,,star,,,
キキルン,,planet,,,
トゥピラク,,moon,,,
ティズヘルク,,planet,,,
ハイエトリクの流れ,,"ring, magnetic_field",,,
ウンチェギラ,,planet,,,
オケウス,,star,,,
シャピシコ,,planet,,,
アタサヤ,,star,,,
ウェクフェ,,planet,,,
グアリチュ,,star,,,
バビ・ンゲペット,,moon,,,
ロイロ,,planet,Tyle,,
ブラキシル,,planet,Tyle,,
マム,,planet,Tyle,,
ズアネ,,planet,Tyle,,
カプリカ,,planet,Tyle,,
レトゥム,,planet,Corvus,,
パリダ,,moon,Letum,,
ソムナス,,planet,Corvus,,
ノックス,,planet,Corvus,,
モルス,,moon,Nox,,
パクトルス,,"asteroid_belt, ring",Corvus,,
ソコルディア,,planet,Corvus,,
イグナビア,,planet,Corvus,,
サブリエル,,moon,,,
リラエル,,moon,,,
クラリエル,,moon,,,
ランナ,,moon,,,
モスレアル,,moon,,,
キベス,,moon,,,
ディリム,,moon,,,
ベルガー,,moon,,,
アスタラエル,,moon,,,
サラネス,,moon,,,
タンマール,,moon,,,
マイダ,,planet,,,
ベントゥスル,,planet,,,
アスマイダス,,planet,,,
グロクラン,,planet,,,
ノナ,,moon,,,
デシマ,,moon,,,
モルタ,,moon,,,
ラトナ,,planet,Naraka,,
シャルカラ,,planet,Naraka,,
ヴァルカ,,planet,Naraka,,
パンカ,,planet,Naraka,,
ドゥマ,,"nebula, ring, magnetic_field",Naraka,,
タマハ,,"nebula, ring, magnetic_field",Naraka,,
マハタマハ,,"nebula, ring, magnetic_field",Naraka,,
アチュガヨ,,planet,Magec,,
テイデ,,planet,Magec,,
ガラ,,moon,Teide,,
ジョナイ,,moon,Teide,,
チホラジ,,planet,Magec,,
アチュフカナク,,planet,Magec,,
ガニゴ,,moon,Achuhucanac,,
タゴロル,,asteroid_field,Magec,,
ゴロ,,"asteroid_belt, ring",Magec,,
ソセ,,planet,Arcadia,,
ファウヌス,,planet,Arcadia,,
ボナ・デア,,planet,Arcadia,,
ピティス,,planet,Arcadia,,
エコー,,planet,Arcadia,,
ケレイネウス,,planet,Arcadia,,
アルゲノン,,planet,Arcadia,,
アイギコロス,,planet,Arcadia,,
ユージニオス,,planet,Arcadia,,
オメスター,,planet,Arcadia,,
ダフォイヌス,,planet,Arcadia,,
フィラムノス,,planet,Arcadia,,
ザントス,,planet,Arcadia,,
グラウコス,,planet,Arcadia,,
フォルバス,,planet,Arcadia,,
レン,,star,,,
カン・アドミ,,planet,Leng,,
ミカ,,planet,Leng,,
ブン・マンチ,,planet,Leng,,
ミゴイ,,planet,Leng,,
ズーテ,,planet,Leng,,
ミシェ,,planet,Leng,,
サルコマンド,,planet,Leng,,
セレネリアン海,,nebula,Leng,,
ケファロス,,planet,Eos,,
プロクリス,,moon,Kephalos,,
ミニアス,,planet,Eos,,
キメネ,,planet,Eos,,
アルケシウス,,planet,Eos,,
アストレウス,,planet,Eos,,
ボレアス,,moon,Astraeus,,
ノトゥス,,moon,Astraeus,,
エウルス,,moon,Astraeus,,
ゼファイロス,,moon,Astraeus,,
トシ,,planet,Aztlan,,
コアトリクエ,,planet,Aztlan,,
センテオトル,,planet,Aztlan,,
チコメコアトル,,planet,Aztlan,,
テスカトリポカ,,planet,Aztlan,,
サンティコ,,planet,Aztlan,,
チャンティコ,,planet,Aztlan,,
マヤウエ,,moon,Chantico,,
ミクスコアトル,,planet,Aztlan,,
センツォン・ウイツナウティン,,"ring, asteroid_belt, asteroids",Mixcoatl,,
トラロック,,planet,Aztlan,,
アニージョ,,ring,Aztlan,,
トヒル,,planet,Aztlan,,
デニエン,,planet,Canaan,,
エクウェシュ,,planet,Canaan,,
ペレセット,,planet,Canaan,,
シェルデン,,planet,Canaan,,
テレシュ,,planet,Canaan,,
ウェシェシュ,,planet,Canaan,,
ティケル,,planet,Canaan,,
ブル・ムース,,planet,,,
ミノー,,moon,,,
ウィル・オー・ウィスプ,,moon,,,
スティンジー・ジャック,,moon,,,
真鍮の街,,planet,,,
サラフ,,planet,Nachash,,
ハラ,,planet,Nachash,,
ハゾール,,planet,Nachash,,
ゲゾール,,planet,Nachash,,
ニンギシュジダ,,planet,Nachash,,
アジムア,,planet,Nachash,,
ネフシュタン,,planet,Nachash,,
オベロン,,star,,,
シムネア,,planet,Oberon,,
ファイエラ,,planet,Oberon,,
クラリッサ,,planet,Oberon,,
リガ,,planet,Oberon,,
サワル,,star,,,
ダラ,,planet,Sawal,,
マンドール,,planet,Sawal,,
ジュルト,,planet,Sawal,,
コルウィン,,planet,,,
マーリン,,moon,Corwin,,
ブランド,,planet,,,
ジャスラ,,moon,Brand,,
ルーク,,moon,Brand,,
モルガンテ,,"star, planet",,,
マーチン,,planet,,,
モルガンナ,,star,,,
モロノエ,,planet,Morganna,,
マゾエ,,planet,Morganna,,
グリテン,,planet,Morganna,,
グリトネア,,planet,Morganna,,
タイロノエ,,planet,Morganna,,
タイテン,,planet,Morganna,,
ポモルム,,planet,Morganna,,
バシリア,,planet,,,
メンテノモン,,nebula,,,
スロック,,planet,,,
グリムネビュリン,,moon,,,
ウィーバー,,star,,,
シャイニング・トール,,planet,Westernesse,,
ヴァニン,,planet,Westernesse,,
マナウ,,planet,Westernesse,,
モナビア,,planet,Westernesse,,
クシャグ,,planet,Westernesse,,
エア,,planet,Westernesse,,
ネブ,,"ring, asteroid_belt",Westernesse,,
ドゥー,,"ring, asteroid_belt",Westernesse,,
ケテル,,"ring, magnetic_field",Zagan,,
ゾハル,,"ring, magnetic_field",Zagan,,
ビナー,,planet,Zagan,,
ネツァハ,,planet,Zagan,,
イエソド,,planet,Zagan,,
ホド,,planet,Zagan,,
シムハ,,planet,Zagan,,
エメト,,planet,Zagan,,
グリムスネス,,planet,Thule,,
アルフル,,moon,Grimsnes,,
グレンスダル,,planet,Thule,,
トロール,,moon,Grensdalur,,
アスキャ,,planet,Thule,,
ヴォファ,,moon,Askja,,
スルトセイ,,planet,Thule,,
サル,,moon,Surtsey,,
クロッサ,,"ring, asteroid_belt",Thule,,
フヴィタ,,"ring, asteroid_belt",Thule,,
オルフサ,,"ring, asteroid_belt",Thule,,
グレンデル,,planet,Thule,,
モドール,,moon,Grendel,,
キラル・ウィスプ,Chira,constellation,,,
アヴィス,,constellation,,,
マキュラタス,Maculata,constellation,,,
デイノス,Deina,constellation,,,
ヴズグリメティ,,constellation,,,
バルウォム,,constellation,,,
スピラ,,constellation,,,
ザランヤ,,constellation,,,
モトリー,Motley,constellation,,,
モイル,,constellation,,,
プリズム,Prisma,constellation,,,
アルクス,,constellation,,,
ウェロ,,constellation,,,
エイコーン,,moon,,,
ホープ,,constellation,,,
ワンダー,,constellation,,,
コンフルエンス,Conflux,constellation,,,
シーラス,,constellation,,,
オルウィン,,constellation,,,
パンテオン,,constellation,,,
アイ,,constellation,,,
ファロス,,constellation,,,
テンペスト,,constellation,,,
プレシピス,Precipice,constellation,,,
アルコン,,constellation,,,
サバジオス,Sabazio,constellation,,,
テラー,,constellation,,,
絶望,,constellation,,,
放棄,,constellation,,,
レギオン,,constellation,,,
ゴルゴタ,,constellation,,,
ブロスト,,star,,,
ウズ,,constellation,,,
フル,,star,,,
トガール,,star,,,
メシャ,,constellation,,,
ム,,constellation,,,
ナーカル,,star,,,
ザフラ,,constellation,,,
フラフ,,constellation,,,
ジル,,moon,,,
スワング,,star,,,
トロアノ,,constellation,,,
メイダ,,constellation,,,
ボルンダ,,planet,,,
ブラジール,,planet,,,
マム,,star,,,
フラームダレン,,planet,,,
アスマイダ,,constellation,,,
チャゴス,Chago,constellation,,,
アイガー,,moon,,,
ラーン,,constellation,,,
ヴィグリッド,Vigri,constellation,,,
フリム,,planet,,,
ノグ,,"planet, moon",,,
グリラ,,constellation,,,
コルモラン,,constellation,,,
モルヴァ,,constellation,,,
ゼンノール,,constellation,,,
マドロン,,constellation,,,
アトス,,constellation,,,
カドモス,,star,,,
エキオン,,planet,Cadmus,,
ライウス,,planet,Cadmus,,
スパルトイ,,"ring, asteroid_belt",Cadmus,,
ベルロフォン,,constellation,,,
シリクス,,"star, planet, moon",,,
テレファッサ,,"star, planet",,,
テレフェ,,moon,,,
アグリオペ,,"star, planet, moon",,,
シェヴァル,,constellation,,,
フェラガット,,"star, planet, moon",,,
クロニ,,constellation,,,
カプレ,,"star, planet, moon",,,
ジパクナ,,"star, planet, moon",,,
ムボンボ,,"constellation, star",,,
バサン,,"constellation, star",,,
ウェンディゴ,,"constellation, star",,,
アブラクサス,,"constellation, star, planet",,,
ヴァサゴ,,"constellation, star, planet",,,
ウコバク,,"constellation, star, planet",,,
ヴァラク,,"constellation, star, planet",,,
トヨル,,"constellation, star, planet",,,
ソラス,,"constellation, star, planet",,,
シェディム,,"constellation, star, planet",,,
ラウム,,"star, planet, moon",,,
オセ,,"star, planet, moon",,,
レンポ,,"star, planet, moon",,,
リリン,,"star, planet, moon",,,
キラケーキャット,,moon,,,
イポス,,"star, planet, moon",,,
ハントゥ・ラヤ,,"nebula, star, planet",,,
ザ・ポロン,,moon,,,
ペレシット,,moon,,,
ブルークロウ,,"star, planet, moon",,,
マラソン,,"constellation, star",,,
マズ,,"constellation, star",,,
スヴァルガ,,"constellation, star",,,
スンダ,,"constellation, star",,,
ガルボダカ,,"nebula, constellation",,,
ピトルロカ,,"star, planet",,,
ダラールの星,,star,,,
カルダシェフ,,"constellation, star",,,
ヒーロー,,"constellation, star",,,
ヴェクナ,,"constellation, star",,,
ゼンダー,,"constellation, star",,,
ヤール,,"planet, moon",,,
サハラ,,"nebula, constellation",,,
ゴビ,,"nebula, constellation",,,
カラハリ,,"nebula, constellation",,,
カラクム,,"nebula, constellation",,,
ソノラ,,"nebula, constellation",,,
アタカマ,,"nebula, constellation",,,
モハーヴェ,,"nebula, constellation",,,
ナミブ,,"nebula, constellation",,,
エーゲア,,"nebula, constellation, star",,,
ニュー・ラブラドール,,"star, planet, moon",,,
ニュー・ビスケイ,,"nebula, constellation, star",,,
ニュー・アゾフ,,"nebula, constellation, star",,,
ニュー・コルドバ,,"star, planet, moon",,,
ニュー・ペンダー,,"planet, moon",,,
ニュー・グアヤキル,,"planet, moon",,,
サード・ボゴタ,,"planet, moon",,,
ユエンドゥム,,"planet, moon",,,
ユララ,,"planet, moon",,,
ガン,,"planet, moon",,,
ワームン,,"planet, moon",,,
ザ・オード,,"ring, asteroid_belt, magnetic_field, accretion",,,
ナイクーン,,"star, planet, moon",,,
ハーナス,,"star, planet, moon",,,
ザ・パインズ,,"ring, asteroid_belt, magnetic_field",,,
ニュー・コールドウェル,,"planet, moon",,,
ポテト,,moon,,,
バカ,,moon,,,
アング,,"star, planet, moon, nebula, constellation",,,
ロタナ,,"star, planet, moon, nebula, constellation",,,
サレロノス,,"star, planet, moon, nebula, constellation",,,
ギンドラウム,,"star, planet, moon, nebula, constellation",,,
サード・ボグ,,moon,,,
ミン・ダディ,,"star, planet, moon, nebula, constellation",,,
ゼノンの世界,,"planet, moon",,,
シドール,,"star, planet, moon, nebula, constellation",,,
ユランダム,,"star, planet, moon, nebula, constellation",,,
ザ・ラバー,,"asteroid_belt, magnetic_field, accretion, ring",,,
フェオナス,,"star, planet, moon, nebula, constellation",,,
グリス,,"star, planet, moon, nebula, constellation",,,
ニュー・ペンデラ,,"star, planet, moon, nebula, constellation",,,
グリッド,,"star, planet, moon, nebula, constellation",,,
レシュ,,"star, planet, moon, nebula, constellation",,,
スワン,,"star, planet, moon, nebula, constellation",,,
チルド・ボゴタンマ,,"star, planet, moon, nebula, constellation",,,
ブラジムア,,"star, planet, moon, nebula, constellation",,,
シーゲア,,"star, planet, moon, nebula, constellation",,,
ガルゲネイロン,,"star, planet, moon, nebula, constellation",,,
クサ,,"star, planet, moon, nebula, constellation",,,
オールド・ミリックス,,"star, planet, moon, nebula, constellation",,,
ラムヤ,,"star, planet, moon, nebula, constellation",,,
キガメン,,"star, planet, moon, nebula, constellation",,,
ヤバディシュ,,"star, planet, moon, nebula, constellation",,,
ハッサ,,"star, planet, moon, nebula, constellation",,,
キテン,,"star, planet, moon, nebula, constellation",,,
タール,,"star, planet, moon, nebula, constellation",,,
シェテ・マハ,,"star, planet, moon, nebula, constellation",,,
アルコマン,,"star, planet, moon, nebula, constellation",,,
ザフォボク,,"star, planet, moon, nebula, constellation",,,
ブロスト・ダンタリオン,,"star, planet, moon, nebula, constellation",,,
ソコナ,,"star, planet, moon, nebula, constellation",,,
ザ・シンキング・バンド,,"asteroid_belt, magnetic_field, accretion, ring",,,
ブラドック,,"star, planet, moon, nebula, constellation",,,
アレッシュ,,"star, planet, moon, nebula, constellation",,,
メントン・クロウ,,"star, planet, moon, nebula, constellation",,,
インダ,,"star, planet, moon, nebula, constellation",,,
ペレシウス,,"star, planet, moon, nebula, constellation",,,
オ・トカ,,"star, planet, moon, nebula, constellation",,,
ダフォン,,"star, planet, moon, nebula, constellation",,,
ラブラクサス,,"star, planet, moon, nebula, constellation",,,
ザ・ジンノール,,"asteroid_belt, magnetic_field, accretion, ring",,,
フマ,,"star, planet, moon, nebula, constellation",,,
リリック,,"star, planet, moon, nebula, constellation",,,
ザ・シムシャンビル,,"asteroid_belt, magnetic_field, accretion, ring",,,
殺人の飛行,,"asteroid_belt, magnetic_field, accretion, ring",,,
最も黒い群れ,,"asteroid_belt, magnetic_field, accretion, ring",,,
ディリアド,,"star, planet, moon, nebula, constellation",,,
マアンド,,"star, planet, moon, nebula, constellation",,,
セイレーンの歌,,"asteroid_belt, magnetic_field, accretion, ring",,,
ザ・ローレライ,,"asteroid_belt, magnetic_field, accretion, ring",,,
ささやき,,"asteroid_belt, magnetic_field, accretion, ring",,,
カリク,,"star, planet, moon, nebula, constellation",,,
メロス,,"star, planet, moon, nebula, constellation",,,
ビッグ・ピング,,"star, planet, nebula, constellation",,,
スロクラリル,,"star, planet, moon, nebula, constellation",,,
アル・ナガン,,"star, planet, moon, nebula, constellation",,,
ハドリール,,"star, planet, moon, nebula, constellation",,,
アイアン,,"star, planet, moon, constellation",,,
ラトン,,"star, planet, moon, nebula, constellation",,,
ジャノウ,,"star, planet, moon, nebula, constellation",,,
ザファッソル,,"star, planet, moon, nebula, constellation",,,
ラムノス,,"star, planet, moon, nebula, constellation",,,
バスマイダ,,"star, planet, moon, nebula, constellation",,,
ジェレシュ,,"star, planet, moon, nebula, constellation",,,
キュドイモス,,"star, planet, moon, nebula, constellation",,,
ロハロス,,"star, planet, moon, nebula, constellation",,,
ペア,,"star, planet, moon, nebula, constellation",,,
トラロスト・レギラ,,"star, planet, moon, nebula, constellation",,,
ズム,,"star, planet, moon, nebula, constellation",,,
ザ・オウロチャー,,"asteroid_belt, magnetic_field, accretion, ring",,,
ミリンブ,,"star, planet, moon, nebula, constellation",,,
ワームナドック,,"star, planet, moon, nebula, constellation",,,
ザ・マロヴ,,"asteroid_belt, magnetic_field, accretion, ring",,,
ザンテ・チェ,,"star, planet, moon, nebula, constellation",,,
ニン,,"star, planet, moon, nebula, constellation",,,
ザ・グリス,,"asteroid_belt, magnetic_field, accretion, ring",,,
クルルムーン,,moon,,,
ゴス,,"nebula, magnetic_field, ring",,,
ウチャロス,,"star, planet, moon, nebula, constellation",,,
レングロタ・フォルタナン,,"star, planet, moon, nebula, constellation",,,
ウリッド,,"star, planet, moon, nebula, constellation",,,
ウコッサ,,"star, planet, moon, nebula, constellation",,,
アルコノミア,,"star, planet, moon, nebula, constellation",,,
タマエル,,"star, planet, moon, nebula, constellation",,,
チン,,"star, planet, moon, nebula, constellation",,,
ビンスツ,,"star, planet, moon, nebula, constellation",,,
グレンデューサ,,"star, planet, moon, nebula, constellation",,,
グリーム,,"star, planet, moon, nebula, constellation",,,
ウム,,"star, planet, moon, nebula, constellation, asteroid_belt, magnetic_field, accretion, ring",,,
ザ・ミリアナール,,"asteroid_belt, magnetic_field, accretion, ring",,,
アルカッサ,,"star, planet, moon, nebula, constellation",,,
ベレーネ,,"star, planet, moon, nebula, constellation",,,
ランヨックス,,"star, planet, moon, nebula, constellation",,,
チュ,,"star, planet, moon, nebula, constellation",,,
チャ,,"star, planet, moon, nebula, constellation",,,
マンス,,"star, planet, moon, nebula, constellation",,,
ウォンデ,,"star, planet, moon, nebula, constellation",,,
ヤバジムア,,"star, planet, moon, nebula, constellation",,,
ザ・オウロカ,,"asteroid_belt, magnetic_field, accretion, ring",,,
ズアン,,"star, planet, moon, nebula, constellation",,,
シェロ,,"star, planet, moon, nebula, constellation",,,
マクルトゥス,,"star, planet, moon, nebula, constellation",,,
ロカ,,"star, planet, moon, nebula, constellation",,,
ニュー・コンクラーヴ,,"star, planet, moon, nebula, constellation",,,
ハン,,moon,,,
グアヤ,,"star, planet, moon, nebula, constellation",,,
ペレファナール,,"star, planet, moon, nebula, constellation",,,
ジャオ,,"star, planet, moon, nebula, constellation",,,
アクロン,,"star, planet, moon, nebula, constellation",,,
ハーゴル,,"star, planet, moon, nebula, constellation",,,
エルノル,,"star, planet, moon, nebula, constellation",,,
タロス,,"star, planet, moon, nebula, constellation",,,
アレシウス,,"star, planet, moon, nebula, constellation",,,
アイリン,,"star, planet, moon, nebula, constellation",,,
アルワルド,,"star, planet, moon, nebula, constellation",,,
ダルゴル,,"star, planet, moon, nebula, constellation",,,
アイゴル,,"star, planet, moon, nebula, constellation",,,
エルガード,,"star, planet, moon, nebula, constellation",,,
ナイムール,,"star, planet, moon, nebula, constellation",,,
アトロン,,"star, planet, moon, nebula, constellation",,,
モルフェゴロス,,"star, planet, moon, nebula, constellation",,,
カルカラ,,"star, planet, moon, nebula, constellation",,,
カラナン,,"star, planet, moon, nebula, constellation",,,
ニュー・グアン,,"star, planet, moon, nebula, constellation",,,
サマラット,,"star, planet, moon, nebula, constellation",,,
アレクシアール,,"star, planet, moon, nebula, constellation",,,
ケフェウス,,"star, planet, moon, nebula, constellation",,,
アゲノール,,"star, planet, moon, nebula, constellation",,,
モルム,,"star, planet, moon, nebula, constellation",,,
ハイモス,,"star, planet, moon, nebula, constellation",,,
ハーカド,,"star, planet, moon, nebula, constellation",,,
カン,,"star, planet, moon, nebula, constellation",,,
クローア,,"star, planet, moon, nebula, constellation",,,
メングリラ,,"star, planet, moon, nebula, constellation",,,
マヌエラ,,"star, planet, moon, nebula, constellation",,,
イシン,,"star, planet, moon, nebula, constellation",,,
デュムール,,"star, planet, moon, nebula, constellation",,,
チャー,,"star, planet, moon, nebula, constellation",,,
ヨー,,"star, planet, moon, nebula, constellation",,,
カリコ,,"star, planet, moon, nebula, constellation",,,
ラナウ,,"star, planet, moon, nebula, constellation",,,
スルガンナ,,"star, planet, moon, nebula, constellation",,,
ミション,,"star, planet, moon, nebula, constellation",,,
モルガ,,"star, planet, moon, nebula, constellation",,,
ザフラトナ,,"star, planet, moon, nebula, constellation",,,
サゴン,,"star, planet, moon, nebula, constellation",,,
ボス,,"star, planet, moon, nebula, constellation",,,
ベリチョ,,"star, planet, moon, nebula, constellation",,,
ベントゾン・ディスク,,"nebula, constellation",,,
アルムン,,"star, planet, moon, nebula, constellation",,,
カルカス,,"star, planet, moon, nebula, constellation",,,
メレウティア,,"star, planet, moon, nebula, constellation",,,
ヴラーン・トーン ,,"star, planet, moon, nebula, constellation",,,
カシリク,,"star, planet, moon, nebula, constellation",,,
ボラ,,"star, planet, moon, nebula, constellation",,,
エストレリャ,,"star, constellation",,,
フェロール,,"star, planet, moon, nebula, constellation",,,
オハイ,,"star, planet, moon, nebula, constellation",,,
グレンス,,"star, planet, moon, nebula, constellation",,,
エンイェン,,"star, planet, moon, nebula, constellation",,,
スヴァロン,,"star, planet, moon, nebula, constellation",,,
カディシュ,,"star, planet, moon, nebula, constellation",,,
カデス,,"star, planet, moon, nebula, constellation",,,
ダウド,,"star, planet, moon, nebula, constellation",,,
スロス,,"star, planet, moon, nebula, constellation",,,
オノラ,,"star, planet, moon, nebula, constellation",,,
アクレター・ケレ,,"star, planet, moon, nebula, constellation",,,
コルディアンス,,"star, planet, moon, nebula, constellation",,,
ゴリロウス,,"star, planet, moon, nebula, constellation",,,
タルティフレット,,moon,,,
メッシュ,,"star, planet, moon, nebula, constellation",,,
アザテ・アルムラス,,"star, planet, moon, nebula, constellation",,,
イディメロン,,"star, planet, moon, nebula, constellation",,,
ケルチェクワリ,,"star, planet, moon, nebula, constellation",,,
イヴ・エヌワーク,,"star, planet, moon, nebula, constellation",,,
シオン,,"star, planet, moon, nebula, constellation",,,
サロス,,"star, planet, moon, nebula, constellation",,,
グランス,,"star, planet, moon, nebula, constellation",,,
ブラドール,,"star, planet, moon, nebula, constellation",,,
アスコナビ・ネチコミア,,"star, planet, moon, nebula, constellation",,,
ミコリア,,"star, planet, moon, nebula, constellation",,,
エキルド・ボゴトロス,,"star, planet, moon, nebula, constellation, asteroid_belt, magnetic_field, accretion, ring",,,
フレイ,,"star, planet, moon, nebula, constellation",,,
スペア,,"star, planet, moon, nebula, constellation",,,
コマナ,,"star, planet, moon, nebula, constellation",,,
サール,,"star, planet, moon, nebula, constellation",,,
カスダルール,,"star, planet, moon, nebula, constellation",,,
ノヴォ・ランバディ,,"star, planet, moon, nebula, constellation, asteroid_belt, magnetic_field, accretion, ring",,,
レファナラク,,"star, planet, moon, nebula, constellation",,,
ザフラット・ディユ,,"star, planet, moon, nebula, constellation",,,
サイメネモン,,"star, planet, moon, nebula, constellation",,,
ノヴァ・シドニア,,"star, planet, moon, nebula, constellation",,,
グレー・ゴースト,,"star, planet, moon, nebula, constellation, asteroid_belt, magnetic_field, accretion, ring",,,
ガル・モトリー,,"star, planet, moon, nebula, constellation, asteroid_belt, magnetic_field, accretion, ring",,,
ダマールの星,,star,,,
サイレン,,"star, planet, moon, nebula, constellation",,,
ポモラ・ラーヴェ,,"star, planet, moon, nebula, constellation, asteroid_belt, magnetic_field, accretion, ring",,,
ザ・サーペント,,"ring, accretion, asteroid_belt",,,
ダーク・ワーム,,"ring, accretion, asteroid_belt, nebula",,,
エズベテ・オルドックス,,"star, planet, moon, nebula, constellation, asteroid_belt, magnetic_field, accretion, ring",,,
ハドン・ヴェレセット,,"star, planet, moon, nebula, constellation",,,
ブラック・マス,,"nebula, planet, moon",,,
ヤマロスの仕事,,"star, planet, moon, nebula, constellation",,,
ブルー・オックス,,moon,,,
常に寄り添う者,,moon,,,
献身的な従者,,moon,,,
忠実な犬,,moon,,,
アーチボルドの星,,star,,,
大火災,,"star, nebula",,,
解体,,"nebula, accretion, ring, asteroid_belt, asteroid_field",,,
ステラ・ビタエ,,star,,,
焼却,,star,,,
エリコ,,"planet, moon, asteroid_belt, asteroid_field, accretion",,,
ネオ・ヴォロス,,"planet, moon",,,
ウルク,,"star, planet, moon, nebula, constellation",,,
クノッソス,,"star, planet, moon, nebula, constellation",,,
アヴリス,,"star, planet, moon, nebula, constellation",,,
ピ・ラムセス,,"star, planet, moon, nebula, constellation",,,
ケシュ,,"star, planet, moon, nebula, constellation",,,
ラガシュ,,"star, planet, moon, nebula, constellation",,,
アンヤン,,"star, planet, moon, nebula, constellation",,,
ザバラ,,"star, planet, moon, nebula, constellation",,,
コサンビ,,"star, planet, moon, nebula, constellation",,,
ハオジン,,"star, planet, moon, nebula, constellation",,,
クフ,,"star, planet, moon, nebula, constellation",,,
グリムシャロス,,"star, planet, moon, nebula, constellation",,,
ギビディギ,,"star, planet, moon, nebula, constellation",,,
ザ・ファストネス,,"planet, moon, asteroid_field, nebula",,,
恐ろしいエンジン,,star,,,
ガドフィウム,,"star, planet, moon, nebula, constellation",,,
セッシン,,"star, planet, moon, nebula, constellation",,,
バスキュール,,"star, planet, moon, nebula, constellation",,,
エルガテス,,"star, planet, moon, nebula, constellation",,,
スリアル,,star,,,
ゴルター,,planet,Thrial,,
ウルビス,,star,,,
ゼネレ,,star,,,
アオルメ,,planet,,,
マージョイン,,planet,,,
シャールの世界,,planet,,,
スラデン,,planet,,,
ソルペン,,planet,,,
ヴレッキス,,planet,,,
ボルル,,"star, planet, moon, nebula, constellation",,,
ウル・クオマ,,"star, planet, moon, nebula, constellation",,,
ベゼル,,"star, planet, moon, nebula, constellation",,,
ブリガドール,,"star, nebula, constellation",,,
ソロ・リブレ,,"planet, moon",,,
ソロ・ノブレ,,"planet, moon",,,
バザード,,moon,,,
ダリエン,,"star, nebula, constellation",,,
ニュー・パリア,,"star, nebula, constellation",,,
ニュー・マルマラ,,"star, nebula, constellation",,,
ドレッドノート,,"star, planet, moon",,,
旧艦隊,,"asteroid_belt, accretion, asteroid_field",,,
ネオス・ボホール,,"star, planet, moon",,,
ノヴィ・タイヴァイ,,"star, nebula, constellation",,,
ファー・サリッシュ,,"star, nebula, constellation",,,
ウルティマ・アストリッド,,"star, planet, moon",,,
ウルティマ・コワル,,"star, planet, moon",,,
ペラ・タルタルス,Pera-Tartari,"star, planet, moon, nebula, constellation",,,
孫悟空,,"star, planet, moon",,,
ユトゥ,,moon,,,
バルログ,Balrogi,"star, planet, moon, nebula, constellation",,,
カデホ,,"star, planet, moon, nebula, constellation",,,
アーラ,,"star, planet, moon, nebula, constellation",,,
エルズベス,,"star, planet, moon, nebula, constellation",,,
ヴクブ・カメ,,"star, planet, moon, nebula, constellation",,,
モルゴス,Morgothi,"star, planet, moon, nebula, constellation",,,
ヴェネラ,,"star, planet, moon, nebula, constellation",,,
クペ,,"star, planet, moon, nebula, constellation",,,
ヴラントム,,"star, planet, moon, nebula, constellation",,,
バラックス,,"star, planet, moon, nebula, constellation",,,
メロピア,,"star, planet, moon, nebula, constellation",,,
ダファリアルの車輪,,"ring, accretion, magnetic_field",,,
マグ・メラン,,"star, planet, moon",,,
テレッド・カトン,,"star, planet, moon",,,
ネイロン,,"star, planet, moon",,,
オルゴイ・ホルホイ,,"star, accretion, magnetic_field",,,
アップル,,moon,,,
ボール,,moon,,,
オールド・ジェームズ,,moon,,,
貧しいウィリアムの墓,,"moon, asteroid_field",,,
タンポポ,,"moon, magnetic_field, asteroid_field",,,
シストリエル,,"star, planet, moon, nebula, constellation",,,
ブレヤ,,"star, planet, moon, nebula, constellation",,,
ケストラル,,"star, planet, moon, nebula, constellation",,,
アル・バリ,,"star, nebula, constellation",,,
シャドウ,,"nebula, magnetic_field, accretion, ring",,,
ウィーパー,,"star, planet, moon, nebula, constellation, asteroid_belt, magnetic_field, accretion, ring",,,
アモックス,,"star, planet, moon, nebula, constellation",,,
ゾフィエル,,"star, planet, moon, nebula, constellation",,,
マザー・ナイト,,"ring, accretion, magnetic_field, nebula",,,
アーカイブ,,"planet, moon, asteroid_field, asteroid_belt",,,
ブラック・ファング,,"planet, moon",,,
モス・アイ,,"planet, moon",,,
トリック,,"planet, moon",,,
ブルー,,"planet, moon",,,
ラフィリアル,,"star, planet, moon, nebula, constellation",,,
グッドフェロー,,planet,,,
トロイ,,moon,Goodfellow,,
コーレ,,"star, planet, moon, nebula, constellation",,,
ガラヴァー,,"star, planet, moon, nebula, constellation",,,
ダゾグの巣,,"planet, moon",,,
彼女,,"star, planet, moon, nebula, constellation",,,
#ワールド,,planet,,,
レッド・グレイン,,"ring, accretion, asteroid_belt, asteroid_field",,,
タマラット,,"star, planet, moon, nebula, constellation, asteroid_belt, magnetic_field, accretion, ring",,,
デビルズ・プレイグラウンド,,"planet, moon, ring, accretion, asteroid_belt, asteroid_field, nebula",,,
ズムジ,,"star, planet, moon, nebula, constellation",,,
モク・モレッド,,"star, planet, moon, nebula, constellation, asteroid_belt, magnetic_field, accretion, ring",,,
ハイ・プレイス,,moon,,,
ザ・バーレンズ,,"ring, accretion, magnetic_field, nebula",,,
メル・テクサット,,"star, planet, moon, nebula, constellation",,,
十四兄弟,,asteroid_belt,,,
ナーマラク,,"star, planet, moon, nebula, constellation",,,
ストーン・コード,,asteroid_belt,,,
バジリスク,,moon,,,
エレウシアン・ストレアス,,"planet, moon, nebula",,,
ベール,,"star, nebula, constellation",,,
ブラカズ,,"planet, moon",,,
フラマ,,"star, constellation",,,
レヴァコル,,"star, planet, moon",,,
ワルハ,,"planet, moon",,,
オルドワ,,"planet, moon",,,
ノカ,,"planet, moon",,,
シリシア,,"planet, moon",,,
マラド,,"planet, moon",,,
ヌズ,,"planet, moon",,,
ララク,,"planet, moon",,,
キッシュ,,"planet, moon",,,
ソード,,star,,,
ホルソード,,planet,Sord,,
コンリアット,,moon,Holsord,,
エルロリー,,moon,Holsord,,
ラケイヴン,,planet,Sord,,
ナルベル,,moon,Lachaven,,
エストード,,moon,Lachaven,,
コンリアット,,planet,Sord,,
アルヴォリー,,planet,Sord,,
ザ・ナルギス,,"asteroid_belt, asteroid_field",Sord,,
ザ・コンリアット,,"asteroid_belt, asteroid_field",Sord,,
ベルギア,,planet,Sord,,
デイール,,moon,Bergia,,
サーナ,,moon,Bergia,,
ヴァルゴス,,"planet, moon",,,
アグノリア,,"planet, moon",,,
オフィル,,"star, planet, moon, nebula, constellation",,,
タルシシュ,,"star, planet, moon, nebula, constellation",,,
